{
  "type": "FeatureCollection",
  "name": "GeoMap_Indonesia_Candidate_Tectonic_and_Macro_Geomorphology",
  "features": [
    {
      "type": "Feature",
      "geometry": {
        "type": "Polygon",
        "coordinates": [
          [
            [
              95.2,
              5.6
            ],
            [
              96.8,
              4.8
            ],
            [
              98.5,
              3.2
            ],
            [
              100.2,
              0.8
            ],
            [
              101.8,
              -1.5
            ],
            [
              103.5,
              -3.8
            ],
            [
              105.2,
              -5.8
            ],
            [
              104.5,
              -5.9
            ],
            [
              103,
              -4.2
            ],
            [
              101.2,
              -1.8
            ],
            [
              99.5,
              0.5
            ],
            [
              97.8,
              2.8
            ],
            [
              95.8,
              4.5
            ],
            [
              95.2,
              5.6
            ]
          ]
        ]
      },
      "properties": {
        "id": "geo_cand_pegunungan_barisan",
        "name": "Pegunungan Barisan (Bukit Barisan Mountain System)",
        "domain": "geology",
        "feature_type": "mountain_system",
        "structure_type": "mountain_range",
        "description": "~1,700 km long spine mountain system of Sumatra, formed by Cenozoic magmatic arc activity and oblique plate convergence along the Sunda-Java trench.",
        "geological_process": "Orogeny & Crustal Uplift",
        "geological_age": "Cenozoic (Paleogene to Quaternary)",
        "geological_period": "Cenozoic",
        "rock_type": "Granitoid batholiths, andesite-dacite volcanics, pre-Tertiary metamorphic basement",
        "evidence_type": "Geological Structure",
        "evidence_description": "Continuous high-relief fault-bounded mountain belt traversing Sumatra with dissected volcanic massifs and pull-apart basins along the Great Sumatran Fault.",
        "evidence_significance": "Represents the primary morphotectonic backbone of Sumatra, illustrating magmatic arc evolution and strike-slip terrane deformation.",
        "why_it_matters": "The Barisan Mountains host major active geothermal systems, mineralized plutonic complexes, and active tectonic fault grabens across Sumatra.",
        "location_province": "Sumatra (Aceh to Lampung)",
        "data_status": "demo",
        "source": "Barber, A.J., Crow, M.J. & Milsom, J.S. (eds.) (2005) Sumatra: Geology, Resources and Tectonic Evolution, Geological Society of London Memoir 31, 290 p.; Van Bemmelen, R.W. (1949) The Geology of Indonesia.",
        "source_url": "https://doi.org/10.1144/GSL.MEM.2005.031",
        "source_type": "peer-reviewed_publication",
        "source_verification_status": "verified",
        "geometry_status": "needs_review",
        "record_compilation_date": "2026-09-15",
        "last_updated": "2026-09-15",
        "geometry_note": "Polygon envelope represents generalized macro-physiographic mountain province (interface visual convention, not official cadastral survey vector).",
        "geometry_notes": "Polygon envelope represents generalized macro-physiographic mountain province (interface visual convention, not official cadastral survey vector).",
        "source_citation": "Barber, A.J., Crow, M.J. & Milsom, J.S. (eds.) (2005) Sumatra: Geology, Resources and Tectonic Evolution, Geological Society of London Memoir 31.",
        "primary_source_url": "https://doi.org/10.1144/GSL.MEM.2005.031",
        "doi": "10.1144/GSL.MEM.2005.031",
        "sources": [
          {
            "title": "Sumatra: Geology, Resources and Tectonic Evolution",
            "citation": "Barber, A.J., Crow, M.J., & Milsom, J.S. (eds.) (2005). Geological Society of London Memoir 31.",
            "url": "https://doi.org/10.1144/GSL.MEM.2005.031",
            "type": "peer-reviewed_publication",
            "topic": "Comprehensive Barisan Mountain Orogenic Synthesis"
          }
        ]
      }
    },
    {
      "type": "Feature",
      "geometry": {
        "type": "Polygon",
        "coordinates": [
          [
            [
              115.2,
              -2.4
            ],
            [
              115.8,
              -2.5
            ],
            [
              116.1,
              -3.2
            ],
            [
              115.9,
              -4.1
            ],
            [
              115.4,
              -4
            ],
            [
              115,
              -3.2
            ],
            [
              115.2,
              -2.4
            ]
          ]
        ]
      },
      "properties": {
        "id": "geo_cand_pegunungan_meratus",
        "name": "Pegunungan Meratus (Meratus Suture & Ophiolite Complex)",
        "domain": "geology",
        "feature_type": "mountain_system",
        "structure_type": "mountain_range",
        "description": "Uplifted Cretaceous subduction-accretion complex and ophiolitic suture belt in South Kalimantan, separating the Barito and Asem-Asem basins.",
        "geological_process": "Orogeny & Crustal Uplift",
        "geological_age": "Cretaceous to Miocene",
        "geological_period": "Cretaceous",
        "rock_type": "Serpentinized peridotite, gabbro, pillow basalt, radiolarian chert, schist",
        "evidence_type": "Rock",
        "evidence_description": "Exposed Mesozoic ultramafic ophiolite sequence and high-pressure blueschist metamorphic blocks thrust over continental basement.",
        "evidence_significance": "Crucial suture zone marking Cretaceous collision between the Schwaner/Sundaland block and East Java-Paternoster microcontinent.",
        "why_it_matters": "Exposes Earth mantle rocks and paleo-subduction mélange in Kalimantan, fundamental for SE Asian paleogeographic reconstructions.",
        "location_province": "Kalimantan Selatan",
        "data_status": "demo",
        "source": "Wakita, K., Miyazaki, K., Zulkarnain, I., Sopaheluwakan, J., & Sanyoto, P. (1998) 'Tectonic implications of new age data for the Meratus Complex of south Kalimantan, Indonesia', The Island Arc, 7(1–2): 202–222; Sikumbang (1986).",
        "source_url": "https://doi.org/10.1111/j.1440-1738.1998.tb00072.x",
        "source_type": "peer-reviewed_publication",
        "source_verification_status": "verified",
        "geometry_status": "partially_verified",
        "record_compilation_date": "2026-09-15",
        "last_updated": "2026-09-15",
        "geometry_note": "Polygon boundary derived from regional geological sheet mapping of Meratus ultramafic outcrop footprint.",
        "geometry_notes": "Polygon boundary derived from regional geological sheet mapping of Meratus ultramafic outcrop footprint.",
        "source_citation": "Wakita, K., Miyazaki, K., Zulkarnain, I., Sopaheluwakan, J., & Sanyoto, P. (1998) 'Tectonic implications of new age data for the Meratus Complex of south Kalimantan, Indonesia', The Island Arc, 7(1–2): 202–222; Sikumbang (1986).",
        "primary_source_url": "https://doi.org/10.1111/j.1440-1738.1998.tb00072.x",
        "doi": "10.1111/j.1440-1738.1998.tb00072.x"
      }
    },
    {
      "type": "Feature",
      "geometry": {
        "type": "Polygon",
        "coordinates": [
          [
            [
              106.5,
              -7
            ],
            [
              108.5,
              -7.5
            ],
            [
              110.5,
              -7.9
            ],
            [
              112.5,
              -8.2
            ],
            [
              114.5,
              -8.6
            ],
            [
              114.5,
              -8.8
            ],
            [
              112.5,
              -8.5
            ],
            [
              110.5,
              -8.2
            ],
            [
              108.5,
              -7.8
            ],
            [
              106.5,
              -7.4
            ],
            [
              106.5,
              -7
            ]
          ]
        ]
      },
      "properties": {
        "id": "geo_cand_pegunungan_selatan_jawa",
        "name": "Pegunungan Selatan Jawa (Southern Mountains Zone)",
        "domain": "geology",
        "feature_type": "mountain_system",
        "structure_type": "physiographic_zone",
        "description": "Classic physiographic zone of Java established by Van Bemmelen (1949), comprising Oligo-Miocene volcanic arc formations (OAF) overlain by Miocene limestones.",
        "geological_process": "Plate Tectonics & Subduction",
        "geological_age": "Oligocene to Miocene (~30-10 Ma)",
        "geological_period": "Neogene",
        "rock_type": "Old Andesite Formation (OAF) breccia, dacitic tuff, Wonosari limestone",
        "evidence_type": "Geological Structure",
        "evidence_description": "Continuous uplifted plateau and rugged coastal ranges forming the southern structural flank of Java.",
        "evidence_significance": "Preserves the ancient Paleogene volcanic arc before the subduction zone migrated to its modern Quaternary volcanic axis.",
        "why_it_matters": "Provides key stratigraphical record of the transition from ancient volcanic arc activity to extensive carbonate platform deposition.",
        "location_province": "Jawa (Jawa Barat, DIY, Jawa Tengah, Jawa Timur)",
        "data_status": "demo",
        "source": "Smyth, H.R., Hall, R., & Nichols, G.J. (2008) 'Cenozoic volcanic arc history of East Java, Indonesia', Geological Society of London Special Publications, 311: 199–222; Van Bemmelen, R.W. (1949).",
        "source_url": "https://doi.org/10.1144/SP311.6",
        "source_type": "peer-reviewed_publication",
        "source_verification_status": "verified",
        "geometry_status": "partially_verified",
        "record_compilation_date": "2026-09-15",
        "last_updated": "2026-09-15",
        "geometry_note": "Polygon boundary represents Van Bemmelen (1949) Southern Mountains Zone regional physiographic envelope.",
        "geometry_notes": "Polygon boundary represents Van Bemmelen (1949) Southern Mountains Zone regional physiographic envelope.",
        "source_citation": "Smyth, H.R., Hall, R., & Nichols, G.J. (2008) 'Cenozoic volcanic arc history of East Java, Indonesia', Geological Society of London Special Publications, 311: 199–222; Van Bemmelen, R.W. (1949).",
        "primary_source_url": "https://doi.org/10.1144/SP311.6",
        "doi": "10.1144/SP311.6"
      }
    },
    {
      "type": "Feature",
      "geometry": {
        "type": "Polygon",
        "coordinates": [
          [
            [
              110.4,
              -7.1
            ],
            [
              111.4,
              -7.2
            ],
            [
              112.4,
              -7.3
            ],
            [
              112.6,
              -7.5
            ],
            [
              111.4,
              -7.4
            ],
            [
              110.4,
              -7.3
            ],
            [
              110.4,
              -7.1
            ]
          ]
        ]
      },
      "properties": {
        "id": "geo_cand_pegunungan_kendeng",
        "name": "Pegunungan Kendeng (Kendeng Fold-Thrust Belt)",
        "domain": "geology",
        "feature_type": "mountain_system",
        "structure_type": "fold_thrust_belt",
        "description": "East-west trending fold-and-thrust belt in Central-East Java, formed by intense Plio-Pleistocene compression of a deep marine volcaniclastic trough.",
        "geological_process": "Orogeny & Crustal Uplift",
        "geological_age": "Neogene to Pleistocene",
        "geological_period": "Quaternary",
        "rock_type": "Turbiditic sandstone, marl, volcaniclastic flysch (Kerek, Kalibeng, Pucangan formations)",
        "evidence_type": "Geological Structure",
        "evidence_description": "Series of asymmetric anticlines, synclines, and south-verging blind thrust faults (Kendeng Thrust).",
        "evidence_significance": "Demonstrates active crustal shortening and sedimentary basin inversion within the back-arc realm of Java.",
        "why_it_matters": "The Kendeng Zone hosts significant onshore petroleum potential and active blind thrust seismic hazard sources in Java.",
        "location_province": "Jawa Tengah & Jawa Timur",
        "data_status": "demo",
        "source": "de Genevraye, P., & Samuel, L. (1972) 'Geology of the Kendeng Zone (Central & East Java)', Proceedings Indonesian Petroleum Association (IPA) 1st Annual Convention, pp. 17–30; Van Bemmelen, R.W. (1949).",
        "source_url": "",
        "source_type": "peer-reviewed_publication",
        "source_verification_status": "partially_verified",
        "geometry_status": "partially_verified",
        "record_compilation_date": "2026-09-15",
        "last_updated": "2026-09-15",
        "geometry_note": "Polygon boundary reflects the structural anticlinorium footprint between the Randublatung depression and Central volcanic depression.",
        "geometry_notes": "Polygon boundary reflects the structural anticlinorium footprint between the Randublatung depression and Central volcanic depression.",
        "source_citation": "de Genevraye, P., & Samuel, L. (1972) 'Geology of the Kendeng Zone (Central & East Java)', Proceedings Indonesian Petroleum Association (IPA) 1st Annual Convention, pp. 17–30; Van Bemmelen, R.W. (1949).",
        "primary_source_url": ""
      }
    },
    {
      "type": "Feature",
      "geometry": {
        "type": "Polygon",
        "coordinates": [
          [
            [
              135.5,
              -3.8
            ],
            [
              137.5,
              -3.9
            ],
            [
              139.5,
              -4.2
            ],
            [
              141,
              -4.5
            ],
            [
              141,
              -5.2
            ],
            [
              139.5,
              -4.9
            ],
            [
              137.5,
              -4.6
            ],
            [
              135.5,
              -4.4
            ],
            [
              135.5,
              -3.8
            ]
          ]
        ]
      },
      "properties": {
        "id": "geo_cand_pegunungan_maoke",
        "name": "Pegunungan Maoke (Central Range of Papua)",
        "domain": "geology",
        "feature_type": "mountain_system",
        "structure_type": "mountain_range",
        "description": "Parent Central Cordillera of Papua spanning ~1,300 km, formed by Neogene collision between the Indo-Australian passive margin and Pacific-Caroline oceanic arcs.",
        "geological_process": "Orogeny & Crustal Uplift",
        "geological_age": "Miocene to Quaternary (~15-0 Ma)",
        "geological_period": "Cenozoic",
        "rock_type": "Mesozoic-Cenozoic limestone, metamorphic phyllite, porphyry intrusive complexes",
        "evidence_type": "Geological Structure",
        "evidence_description": "Massive alpine fold-thrust mountain belt exceeding 4,800 m elevation with remnant tropical glaciers on Puncak Jaya.",
        "evidence_significance": "Prime example of active continent-arc collision orogeny producing highest topography in Australasia and giant porphyry Cu-Au deposits.",
        "why_it_matters": "Contains Puncak Jaya (Carstensz Pyramid, 4,884 m) and preserves crucial tectonic records of Australian northern margin collision.",
        "location_province": "Papua (Papua Tengah & Papua Pegunungan)",
        "sub_ranges": [
          "Barisan Sudirman (Sudirman Range)",
          "Pegunungan Jayawijaya (Jayawijaya Range)"
        ],
        "data_status": "demo",
        "source": "Cloos, M., Sapiie, B., Quarles van Ufford, A., Weiland, R.J., Warren, P.Q., & McMahon, T.P. (2005) Collisional delamination in New Guinea: The geotectonics of subducting slab breakoff, Geological Society of America Special Paper 400; Dow et al. (1988).",
        "source_url": "https://doi.org/10.1130/2005.2400",
        "source_type": "peer-reviewed_publication",
        "source_verification_status": "verified",
        "geometry_status": "partially_verified",
        "record_compilation_date": "2026-09-15",
        "last_updated": "2026-09-15",
        "geometry_note": "Polygon boundary represents parent Central Cordillera mountain belt; Barisan Sudirman (west) and Jayawijaya (east) are documented constituent sub-ranges.",
        "geometry_notes": "Polygon boundary represents parent Central Cordillera mountain belt; Barisan Sudirman (west) and Jayawijaya (east) are documented constituent sub-ranges.",
        "source_citation": "Cloos, M., Sapiie, B., Quarles van Ufford, A., Weiland, R.J., Warren, P.Q., & McMahon, T.P. (2005) Collisional delamination in New Guinea: The geotectonics of subducting slab breakoff, Geological Society of America Special Paper 400; Dow et al. (1988).",
        "primary_source_url": "https://doi.org/10.1130/2005.2400",
        "doi": "10.1130/2005.2400"
      }
    },
    {
      "type": "Feature",
      "geometry": {
        "type": "Polygon",
        "coordinates": [
          [
            [
              107.45,
              -6.82
            ],
            [
              107.75,
              -6.82
            ],
            [
              107.85,
              -6.95
            ],
            [
              107.8,
              -7.08
            ],
            [
              107.5,
              -7.05
            ],
            [
              107.4,
              -6.95
            ],
            [
              107.45,
              -6.82
            ]
          ]
        ]
      },
      "properties": {
        "id": "geo_cand_cekungan_bandung",
        "name": "Cekungan Bandung (Bandung Volcano-Tectonic Basin)",
        "domain": "geology",
        "feature_type": "basin",
        "structure_type": "intermontane_basin",
        "description": "Quaternary volcano-tectonic intermontane depression surrounded by volcanic edifices and bounded north by Sesar Lembang, site of ancient Lake Bandung.",
        "geological_process": "Sedimentary Basin Subsidence",
        "geological_age": "Late Pleistocene to Holocene",
        "geological_period": "Quaternary",
        "rock_type": "Lacustrine clay, tuffaceous sand, volcanic breccia, peat",
        "evidence_type": "Landform",
        "evidence_description": "Flat basin floor (~650-700 m ASL) surrounded by steep volcanic massifs with well-documented lacustrine terrace deposits.",
        "evidence_significance": "Demonstrates volcano-tectonic basin subsidence, ancient lake damming (Danau Purba Bandung), and ongoing intra-arc tectonic deformation.",
        "why_it_matters": "Provides paleoenvironmental archive of prehistoric Java and critical geological context for seismic and hydrogeological risk in Bandung Raya.",
        "location_province": "Jawa Barat",
        "data_status": "demo",
        "source": "Dam, M.A.C., Suparan, P., Nossin, J.J., & Voskuil, R.P.G.A. (1996) 'A chronology for geomorphological developments in the greater Bandung area, West-Java, Indonesia', Journal of Southeast Asian Earth Sciences, 14(1–2): 101–115.",
        "source_url": "https://doi.org/10.1016/S0743-9547(96)00069-4",
        "source_type": "peer-reviewed_publication",
        "source_verification_status": "verified",
        "geometry_status": "partially_verified",
        "record_compilation_date": "2026-09-15",
        "last_updated": "2026-09-15",
        "geometry_note": "Polygon boundary strictly delineates the Quaternary lacustrine and volcano-tectonic depression fill, distinct from administrative groundwater (CAT) boundaries.",
        "geometry_notes": "Polygon boundary strictly delineates the Quaternary lacustrine and volcano-tectonic depression fill, distinct from administrative groundwater (CAT) boundaries.",
        "source_citation": "Dam, M.A.C., Suparan, P., Nossin, J.J., & Voskuil, R.P.G.A. (1996) 'A chronology for geomorphological developments in the greater Bandung area, West-Java, Indonesia', Journal of Southeast Asian Earth Sciences, 14(1–2): 101–115.",
        "primary_source_url": "https://doi.org/10.1016/S0743-9547(96)00069-4",
        "doi": "10.1016/S0743-9547(96)00069-4"
      }
    },
    {
      "type": "Feature",
      "geometry": {
        "type": "Polygon",
        "coordinates": [
          [
            [
              114.6,
              -1.2
            ],
            [
              115.3,
              -1.5
            ],
            [
              115.6,
              -2.8
            ],
            [
              115.3,
              -3.8
            ],
            [
              114.5,
              -3.5
            ],
            [
              114.2,
              -2.2
            ],
            [
              114.6,
              -1.2
            ]
          ]
        ]
      },
      "properties": {
        "id": "geo_cand_cekungan_barito",
        "name": "Cekungan Barito (Barito Sedimentary Basin)",
        "domain": "geology",
        "feature_type": "basin",
        "structure_type": "sedimentary_basin",
        "description": "Asymmetric Tertiary sedimentary basin in South Kalimantan bounded east by the Meratus thrust front and west by the stable Sunda Shield.",
        "geological_process": "Sedimentary Basin Subsidence",
        "geological_age": "Eocene to Recent (~45-0 Ma)",
        "geological_period": "Cenozoic",
        "rock_type": "Tanjung Formation sandstone/shale, Berai limestone, Warukin coal-bearing sandstone",
        "evidence_type": "Geological Structure",
        "evidence_description": "Thick transgressive-regressive sedimentary sequence (up to 6,000 m) with foreland flexural geometry adjacent to Meratus.",
        "evidence_significance": "Classic Indonesian hydrocarbon and coal-bearing sedimentary basin illustrating back-arc rift to foreland basin transition.",
        "why_it_matters": "One of Indonesia's most thoroughly studied sedimentary basins, hosting significant energy resources and thick coal seams.",
        "location_province": "Kalimantan Selatan & Kalimantan Tengah",
        "data_status": "demo",
        "source": "Witts, D., Hall, R., Nichols, G., & Morley, R.J. (2012) 'A new depositional and provenance model for the Tanjung Formation, Barito Basin, SE Kalimantan, Indonesia', Journal of Asian Earth Sciences, 56: 77–104.",
        "source_url": "https://doi.org/10.1016/j.jseaes.2012.04.022",
        "source_type": "peer-reviewed_publication",
        "source_verification_status": "verified",
        "geometry_status": "partially_verified",
        "record_compilation_date": "2026-09-15",
        "last_updated": "2026-09-15",
        "geometry_note": "Polygon boundary is based on geological stratigraphic pinch-out and basement structural hinge lines, not commercial oil concession blocks.",
        "geometry_notes": "Polygon boundary is based on geological stratigraphic pinch-out and basement structural hinge lines, not commercial oil concession blocks.",
        "source_citation": "Witts, D., Hall, R., Nichols, G., & Morley, R.J. (2012) 'A new depositional and provenance model for the Tanjung Formation, Barito Basin, SE Kalimantan, Indonesia', Journal of Asian Earth Sciences, 56: 77–104.",
        "primary_source_url": "https://doi.org/10.1016/j.jseaes.2012.04.022",
        "doi": "10.1016/j.jseaes.2012.04.022"
      }
    },
    {
      "type": "Feature",
      "geometry": {
        "type": "Polygon",
        "coordinates": [
          [
            [
              110.55,
              -7.95
            ],
            [
              111.1,
              -7.98
            ],
            [
              111.25,
              -8.15
            ],
            [
              111.2,
              -8.28
            ],
            [
              110.55,
              -8.2
            ],
            [
              110.55,
              -7.95
            ]
          ]
        ]
      },
      "properties": {
        "id": "geo_cand_karst_gunung_sewu",
        "name": "Karst Gunung Sewu (Gunung Sewu UNESCO Global Geopark)",
        "domain": "geology",
        "feature_type": "regional_karst",
        "structure_type": "tropical_kegelkarst",
        "description": "World-benchmark tropical cone karst (kegelkarst) and cockpit karst developed in Middle-Late Miocene Wonosari Formation limestones.",
        "geological_process": "Karstification & Chemical Dissolution",
        "geological_age": "Middle Miocene to Holocene (~15-0 Ma)",
        "geological_period": "Neogene",
        "rock_type": "Wonosari Formation coral limestone, calcarenite, speleothems",
        "evidence_type": "Landform",
        "evidence_description": "Over 40,000 conical limestone hills, thousands of sinkholes (doline/uvala), and extensive subterranean river networks and caves (Luweng Ombo, Luweng Jaran).",
        "evidence_significance": "International type-locality for tropical conical karst geomorphology and Quaternary hominin habitation caves (Song Terus).",
        "why_it_matters": "Designated a UNESCO Global Geopark in 2015, Gunung Sewu is a global benchmark for tropical speleology, hydrogeology, and geoheritage.",
        "location_province": "DIY (Gunungkidul), Jawa Tengah (Wonogiri), Jawa Timur (Pacitan)",
        "data_status": "demo",
        "source": "Haryono, E., & Day, M. (2004) 'Landform differentiation within the Gunung Kidul Kegelkarst, Java, Indonesia', Journal of Cave and Karst Studies, 66(2): 62–69; UNESCO Global Geoparks Network Dossier (2015).",
        "source_url": "https://en.unesco.org/global-geoparks/gunung-sewu",
        "source_type": "institutional_record",
        "source_verification_status": "verified",
        "geometry_status": "partially_verified",
        "record_compilation_date": "2026-09-15",
        "last_updated": "2026-09-15",
        "geometry_note": "Polygon boundary matches the contiguous Wonosari Formation limestone plateau and UNESCO Global Geopark boundary.",
        "geometry_notes": "Polygon boundary matches the contiguous Wonosari Formation limestone plateau and UNESCO Global Geopark boundary.",
        "source_citation": "Haryono, E., & Day, M. (2004) 'Landform differentiation within the Gunung Kidul Kegelkarst, Java, Indonesia', Journal of Cave and Karst Studies, 66(2): 62–69; UNESCO Global Geoparks Network Dossier (2015).",
        "primary_source_url": "https://en.unesco.org/global-geoparks/gunung-sewu"
      }
    },
    {
      "type": "Feature",
      "geometry": {
        "type": "LineString",
        "coordinates": [
          [
            94,
            5.5
          ],
          [
            96,
            3
          ],
          [
            98.5,
            0.5
          ],
          [
            101.5,
            -2.5
          ],
          [
            104.5,
            -5.5
          ],
          [
            108,
            -8.5
          ],
          [
            112,
            -10.2
          ],
          [
            116,
            -11.5
          ],
          [
            120,
            -11.8
          ]
        ]
      },
      "properties": {
        "id": "geo_cand_trench_sunda_java",
        "name": "Palung Sunda-Jawa (Sunda-Java Subduction Trench)",
        "domain": "geology",
        "feature_type": "tectonic_structure",
        "structure_type": "subduction_trench",
        "description": "~3,000 km oceanic subduction trench (depth 6,000-7,450 m) where the Indo-Australian oceanic plate subducts beneath the Sundaland continental plate.",
        "geological_process": "Plate Tectonics & Subduction",
        "geological_age": "Cenozoic (Active Megathrust Boundary)",
        "geological_period": "Quaternary",
        "rock_type": "Oceanic basalt, pelagic sediment, accretionary prism wedge",
        "evidence_type": "Geological Structure",
        "evidence_description": "Deep bathymetric V-shaped trough (>7,000 m), dipping Wadati-Benioff seismic zone, and accretionary forearc ridges (Mentawai, Enggano).",
        "evidence_significance": "Primary convergent megathrust generating Indonesia's active volcanism, island arc uplift, and megathrust earthquakes/tsunamis.",
        "why_it_matters": "The Sunda-Java Trench is one of Earth's most active convergent margins, driving regional plate tectonics and geohazards.",
        "location_province": "Offshore Indian Ocean (Sumatra, Java, Bali, Nusa Tenggara)",
        "data_status": "demo",
        "source": "Bird, P. (2003) 'An updated digital model of plate boundaries', Geochemistry, Geophysics, Geosystems, 4(3): 1027; Hayes, G.P., et al. (2018) 'Slab2, a comprehensive subduction zone geometry model', Science, 362: 58-61.",
        "source_url": "https://doi.org/10.1029/2001GC000252",
        "source_type": "peer-reviewed_publication",
        "source_verification_status": "verified",
        "geometry_status": "partially_verified",
        "record_compilation_date": "2026-09-15",
        "last_updated": "2026-09-15",
        "geometry_note": "LineString trace digitized from authoritative global bathymetric trench axis data (Bird 2003 PB2002 dataset).",
        "geometry_notes": "LineString trace digitized from authoritative global bathymetric trench axis data (Bird 2003 PB2002 dataset).",
        "source_citation": "Bird, P. (2003) 'An updated digital model of plate boundaries', Geochemistry, Geophysics, Geosystems, 4(3): 1027; Hayes, G.P., et al. (2018) 'Slab2, a comprehensive subduction zone geometry model', Science, 362: 58-61.",
        "primary_source_url": "https://doi.org/10.1029/2001GC000252",
        "doi": "10.1029/2001GC000252"
      }
    },
    {
      "type": "Feature",
      "geometry": {
        "type": "LineString",
        "coordinates": [
          [
            95.5,
            5.5
          ],
          [
            97.5,
            3.5
          ],
          [
            99.5,
            1
          ],
          [
            102,
            -2
          ],
          [
            104.5,
            -4.8
          ],
          [
            107,
            -6.8
          ],
          [
            110.5,
            -7.5
          ],
          [
            113,
            -8
          ],
          [
            116,
            -8.3
          ],
          [
            119,
            -8.5
          ],
          [
            122.5,
            -8.6
          ]
        ]
      },
      "properties": {
        "id": "geo_cand_sunda_arc",
        "name": "Busur Vulkanik Sunda (Sunda Volcanic Arc Front Axis)",
        "domain": "geology",
        "feature_type": "volcanic_arc",
        "structure_type": "volcanic_arc_axis",
        "description": "Curvilinear chain of active Quaternary stratovolcanoes and magmatic arc complexes spanning Sumatra, Java, Bali, Lombok, Sumbawa, and Flores.",
        "geological_process": "Plate Tectonics & Subduction",
        "geological_age": "Neogene to Quaternary",
        "geological_period": "Quaternary",
        "rock_type": "Calc-alkaline andesite, basaltic andesite, dacite, pyroclastic deposits",
        "evidence_type": "Geological Structure",
        "evidence_description": "Chain of over 100 active Quaternary volcanic centers positioned ~100-200 km above the subducting Indo-Australian slab.",
        "evidence_significance": "Illustrates active subduction-induced mantle melting, crustal magma differentiation, and stratovolcano construction along Sundaland.",
        "why_it_matters": "Forms the volcanic backbone of Western Indonesia, generating fertile soils, geothermal energy, and active volcanic hazards.",
        "location_province": "Sumatra, Java, Bali, NTB, NTT",
        "data_status": "demo",
        "source": "Hamilton, W. (1979) 'Tectonics of the Indonesian Region', USGS Professional Paper 1078, 345 p.; Katili, J.A. (1975) Tectonophysics, 26(3-4): 165–188.",
        "source_url": "https://doi.org/10.3133/pp1078",
        "source_type": "government_survey",
        "source_verification_status": "verified",
        "geometry_status": "needs_review",
        "record_compilation_date": "2026-09-15",
        "last_updated": "2026-09-15",
        "geometry_note": "Representative volcanic front axis (interpretive cartographic convention connecting active volcanic centers, not an individual physical fault line).",
        "geometry_notes": "Representative volcanic front axis (interpretive cartographic convention connecting active volcanic centers, not an individual physical fault line).",
        "source_citation": "Hamilton, W. (1979) 'Tectonics of the Indonesian Region', USGS Professional Paper 1078.",
        "primary_source_url": "https://doi.org/10.3133/pp1078",
        "doi": "10.3133/pp1078",
        "sources": [
          {
            "title": "Tectonics of the Indonesian Region",
            "citation": "Hamilton, W. (1979). U.S. Geological Survey Professional Paper 1078, 345 p.",
            "url": "https://doi.org/10.3133/pp1078",
            "type": "government_survey",
            "topic": "Foundational Tectonic Framework of Sunda Arc System"
          }
        ]
      }
    },
    {
      "type": "Feature",
      "geometry": {
        "type": "LineString",
        "coordinates": [
          [
            107.45,
            -6.83
          ],
          [
            107.55,
            -6.81
          ],
          [
            107.65,
            -6.82
          ],
          [
            107.75,
            -6.84
          ]
        ]
      },
      "properties": {
        "id": "geo_fault_lembang",
        "name": "Sesar Lembang (Active Fault Trace)",
        "domain": "geology",
        "feature_type": "tectonic_structure",
        "structure_type": "active_fault",
        "description": "Active sinistral strike-slip fault with normal component extending ~29 km north of Bandung.",
        "geological_process": "Plate Tectonics & Subduction",
        "geological_age": "Quaternary",
        "geological_period": "Quaternary",
        "rock_type": "Breccia, tuff, volcanic debris",
        "evidence_type": "Geological Structure",
        "evidence_description": "Prominent north-facing fault scarp, stream offsets, and paleoseismic trenching evidence.",
        "evidence_significance": "Slip rate ~3-6 mm/yr capable of generating M6.5-7.0 seismic events near Bandung metropolitan area.",
        "why_it_matters": "Key active onshore fault in West Java with well-documented morphotectonic fault scarps.",
        "location_province": "Jawa Barat",
        "data_status": "demo",
        "source": "Daryono, M.R., Natawidjaja, D.H., Sapiie, B., & Cummins, P. (2019) 'Earthquake Geology of the Lembang Fault, West Java, Indonesia', Tectonophysics, 751: 180–191.",
        "source_url": "https://doi.org/10.1016/j.tecto.2018.12.014",
        "source_type": "peer-reviewed_publication",
        "source_verification_status": "verified",
        "geometry_status": "partially_verified",
        "record_compilation_date": "2026-09-15",
        "last_updated": "2026-09-15",
        "geometry_note": "LineString representation of fault trace (interface visual convention).",
        "geometry_notes": "LineString representation of fault trace (interface visual convention).",
        "source_citation": "Daryono, M.R., Natawidjaja, D.H., Sapiie, B., & Cummins, P. (2019) 'Earthquake Geology of the Lembang Fault, West Java, Indonesia', Tectonophysics, 751: 180–191.",
        "primary_source_url": "https://doi.org/10.1016/j.tecto.2018.12.014",
        "doi": "10.1016/j.tecto.2018.12.014"
      }
    },
    {
      "type": "Feature",
      "geometry": {
        "type": "LineString",
        "coordinates": [
          [
            106.55,
            -7.02
          ],
          [
            106.75,
            -6.95
          ],
          [
            106.92,
            -6.9
          ]
        ]
      },
      "properties": {
        "id": "geo_fault_cimandiri",
        "name": "Sesar Cimandiri (Fault Zone)",
        "domain": "geology",
        "feature_type": "tectonic_structure",
        "structure_type": "active_fault",
        "description": "Major active oblique strike-slip fault zone extending from Pelabuhanratu Bay through Sukabumi to Padalarang.",
        "geological_process": "Plate Tectonics & Subduction",
        "geological_age": "Neogene to Quaternary",
        "geological_period": "Quaternary",
        "rock_type": "Mélange, sheared sedimentary formations",
        "evidence_type": "Geological Structure",
        "evidence_description": "Morphotectonic valley linear, offset river terraces, and shallow crustal seismicity.",
        "evidence_significance": "Major morphotectonic boundary separating northern Java fold belt from southern volcanic arc terrane.",
        "why_it_matters": "Active fault zone responsible for periodic destructive shallow earthquakes in West Java.",
        "location_province": "Jawa Barat",
        "data_status": "demo",
        "source": "Marliyani, G.I., Arrowsmith, J.R., & Helmi, H. (2016) 'Characterization of slow slip rate faults in humid areas: Cimandiri fault zone, Indonesia', Journal of Geophysical Research: Earth Surface, 121(12): 2287–2308.",
        "source_url": "https://doi.org/10.1002/2016JF003846",
        "source_type": "peer-reviewed_publication",
        "source_verification_status": "verified",
        "geometry_status": "partially_verified",
        "record_compilation_date": "2026-09-15",
        "last_updated": "2026-09-15",
        "geometry_note": "LineString representation of fault zone (interface visual convention).",
        "geometry_notes": "LineString representation of fault zone (interface visual convention).",
        "source_citation": "Marliyani, G.I., Arrowsmith, J.R., & Helmi, H. (2016) 'Characterization of slow slip rate faults in humid areas: Cimandiri fault zone, Indonesia', Journal of Geophysical Research: Earth Surface, 121(12): 2287–2308.",
        "primary_source_url": "https://doi.org/10.1002/2016JF003846",
        "doi": "10.1002/2016JF003846"
      }
    },
    {
      "type": "Feature",
      "geometry": {
        "type": "LineString",
        "coordinates": [
          [
            107.8,
            -6.75
          ],
          [
            108.2,
            -6.78
          ],
          [
            108.55,
            -6.8
          ]
        ]
      },
      "properties": {
        "id": "geo_fault_baribis",
        "name": "Sesar Baribis (Thrust Belt Zone)",
        "domain": "geology",
        "feature_type": "tectonic_structure",
        "structure_type": "active_fault",
        "description": "Major back-arc thrust fault system in West-Central Java accommodating crustal shortening.",
        "geological_process": "Plate Tectonics & Subduction",
        "geological_age": "Quaternary",
        "geological_period": "Quaternary",
        "rock_type": "Folded sedimentary and volcaniclastic strata",
        "evidence_type": "Geological Structure",
        "evidence_description": "North-verging thrust ramps, asymmetric folding, and GPS geodetic strain accumulation.",
        "evidence_significance": "Accommodates back-arc shortening across Java with geodetic locking along southern Jakarta-Bogor corridor.",
        "why_it_matters": "Critical active tectonic structure representing back-arc seismic hazard in northern Java.",
        "location_province": "Jawa Barat",
        "data_status": "demo",
        "source": "Koulali, A., McClusky, S., Susilo, S., Leonard, Y., et al. (2017) 'The kinematics of crustal deformation in Java from GPS observations: Implications for fault slip partitioning', Earth and Planetary Science Letters, 458: 69–79.",
        "source_url": "https://doi.org/10.1016/j.epsl.2016.10.039",
        "source_type": "peer-reviewed_publication",
        "source_verification_status": "verified",
        "geometry_status": "partially_verified",
        "record_compilation_date": "2026-09-15",
        "last_updated": "2026-09-15",
        "geometry_note": "LineString representation of thrust zone (interface visual convention).",
        "geometry_notes": "LineString representation of thrust zone (interface visual convention).",
        "source_citation": "Koulali, A., McClusky, S., Susilo, S., Leonard, Y., et al. (2017) 'The kinematics of crustal deformation in Java from GPS observations: Implications for fault slip partitioning', Earth and Planetary Science Letters, 458: 69–79.",
        "primary_source_url": "https://doi.org/10.1016/j.epsl.2016.10.039",
        "doi": "10.1016/j.epsl.2016.10.039"
      }
    },
    {
      "type": "Feature",
      "geometry": {
        "type": "LineString",
        "coordinates": [
          [
            110.32,
            -7.95
          ],
          [
            110.42,
            -7.82
          ],
          [
            110.5,
            -7.7
          ]
        ]
      },
      "properties": {
        "id": "geo_fault_opak",
        "name": "Sesar Opak (Bantul Fault Zone)",
        "domain": "geology",
        "feature_type": "tectonic_structure",
        "structure_type": "active_fault",
        "description": "Active strike-slip fault zone along Opak river graben, source zone of 2006 Yogyakarta earthquake.",
        "geological_process": "Plate Tectonics & Subduction",
        "geological_age": "Quaternary",
        "geological_period": "Quaternary",
        "rock_type": "Alluvium, Merapi volcanic ash, Tertiary limestone basement",
        "evidence_type": "Geological Structure",
        "evidence_description": "Linear morphotectonic graben boundary and persistent shallow micro-seismicity.",
        "evidence_significance": "Active crustal fault controlling intra-arc basin development and seismic hazard in Yogyakarta.",
        "why_it_matters": "Site of the devastating 2006 Mw 6.3 Yogyakarta earthquake.",
        "location_province": "DIY (Yogyakarta)",
        "data_status": "demo",
        "source": "Walter, T.R., Wang, R., Luehr, B.-G., et al. (2008) 'The 26 May 2006 magnitude 6.4 Yogyakarta earthquake south of Mt. Merapi volcano: Did lahar deposits amplify ground shaking and thus lead to the disaster?', Geochemistry, Geophysics, Geosystems, 9(5): Q05010.",
        "source_url": "https://doi.org/10.1029/2007GC001810",
        "source_type": "peer-reviewed_publication",
        "source_verification_status": "verified",
        "geometry_status": "partially_verified",
        "record_compilation_date": "2026-09-15",
        "last_updated": "2026-09-15",
        "geometry_note": "LineString representation of fault trace (interface visual convention).",
        "geometry_notes": "LineString representation of fault trace (interface visual convention).",
        "source_citation": "Walter, T.R., Wang, R., Luehr, B.-G., et al. (2008) 'The 26 May 2006 magnitude 6.4 Yogyakarta earthquake south of Mt. Merapi volcano: Did lahar deposits amplify ground shaking and thus lead to the disaster?', Geochemistry, Geophysics, Geosystems, 9(5): Q05010.",
        "primary_source_url": "https://doi.org/10.1029/2007GC001810",
        "doi": "10.1029/2007GC001810"
      }
    },
    {
      "type": "Feature",
      "geometry": {
        "type": "LineString",
        "coordinates": [
          [
            104.5,
            -5.5
          ],
          [
            104.7,
            -5.1
          ],
          [
            104.9,
            -4.7
          ]
        ]
      },
      "properties": {
        "id": "geo_fault_sumatra_semangko",
        "name": "Sesar Besar Sumatra (Semangko Segment)",
        "domain": "geology",
        "feature_type": "tectonic_structure",
        "structure_type": "active_fault",
        "description": "Southernmost segment of Great Sumatran Fault entering Semangko Bay, accommodating oblique convergence.",
        "geological_process": "Plate Tectonics & Subduction",
        "geological_age": "Neogene to Quaternary",
        "geological_period": "Quaternary",
        "rock_type": "Volcanics, sheared metamorphic rocks, alluvium",
        "evidence_type": "Geological Structure",
        "evidence_description": "Prominent graben valley, strike-slip fault scarps, and geothermal spring alignments.",
        "evidence_significance": "Key dextral strike-slip transform accommodating partitioned oblique subduction shear along Sumatra.",
        "why_it_matters": "Demonstrates trench-parallel slip partitioning in oblique convergent margins.",
        "location_province": "Lampung",
        "data_status": "demo",
        "source": "Sieh, K., & Natawidjaja, D. (2000) 'Neotectonics of the Sumatran fault, Indonesia', Journal of Geophysical Research: Solid Earth, 105(B12): 28295–28326.",
        "source_url": "https://doi.org/10.1029/2000JB900120",
        "source_type": "peer-reviewed_publication",
        "source_verification_status": "verified",
        "geometry_status": "partially_verified",
        "record_compilation_date": "2026-09-15",
        "last_updated": "2026-09-15",
        "geometry_note": "LineString representation of fault segment (interface visual convention).",
        "geometry_notes": "LineString representation of fault segment (interface visual convention).",
        "source_citation": "Sieh, K., & Natawidjaja, D. (2000) 'Neotectonics of the Sumatran fault, Indonesia', Journal of Geophysical Research: Solid Earth, 105(B12): 28295–28326.",
        "primary_source_url": "https://doi.org/10.1029/2000JB900120",
        "doi": "10.1029/2000JB900120"
      }
    },
    {
      "type": "Feature",
      "geometry": {
        "type": "LineString",
        "coordinates": [
          [
            131,
            -0.8
          ],
          [
            133,
            -1.2
          ],
          [
            135,
            -1.8
          ]
        ]
      },
      "properties": {
        "id": "geo_fault_sorong",
        "name": "Sesar Sorong (Fault System)",
        "domain": "geology",
        "feature_type": "tectonic_structure",
        "structure_type": "active_fault",
        "description": "Major left-lateral transform fault zone in Eastern Indonesia, accommodating Pacific-Australian plate motion.",
        "geological_process": "Plate Tectonics & Subduction",
        "geological_age": "Neogene",
        "geological_period": "Neogene",
        "rock_type": "Mélange, sheared metamorphic terranes",
        "evidence_type": "Geological Structure",
        "evidence_description": "Transpressional ridges, pull-apart basins, and displaced continental fragments.",
        "evidence_significance": "Key strike-slip structure transporting continental fragments from Australia/PNG westward into the Banda arc region.",
        "why_it_matters": "Demonstrates rapid strike-slip terrane transport shaping Eastern Indonesia's complex tectonic mosaic.",
        "location_province": "Papua Barat Daya & Maluku",
        "data_status": "demo",
        "source": "Charlton, T.R. (1996) 'Correlation of the Salawati and Tomori basins, eastern Indonesia: a constraint on left-lateral displacements on the Sorong Fault Zone', Geol. Soc. Lond. Spec. Publ. 106: 465–481; Visser, W.A. & Hermes, J.J. (1962).",
        "source_url": "https://doi.org/10.1144/GSL.SP.1996.106.01.29",
        "source_type": "peer-reviewed_publication",
        "source_verification_status": "verified",
        "geometry_status": "partially_verified",
        "record_compilation_date": "2026-09-15",
        "last_updated": "2026-09-15",
        "geometry_note": "LineString representation of fault system (interface visual convention).",
        "geometry_notes": "LineString representation of fault system (interface visual convention).",
        "source_citation": "Charlton, T.R. (1996) Geol. Soc. Lond. Spec. Publ. 106: 465–481.",
        "primary_source_url": "https://doi.org/10.1144/GSL.SP.1996.106.01.29",
        "doi": "10.1144/GSL.SP.1996.106.01.29",
        "sources": [
          {
            "title": "Correlation of the Salawati and Tomori basins, eastern Indonesia: a constraint on left-lateral displacements on the Sorong Fault Zone",
            "citation": "Charlton, T.R. (1996). Geological Society, London, Special Publications, 106: 465–481.",
            "url": "https://doi.org/10.1144/GSL.SP.1996.106.01.29",
            "type": "peer-reviewed_publication",
            "topic": "Sinistral Megashear Kinematics & Basin Displacement"
          }
        ]
      }
    },
    {
      "type": "Feature",
      "geometry": {
        "type": "Polygon",
        "coordinates": [
          [
            [
              106.4,
              -7.15
            ],
            [
              106.55,
              -7.15
            ],
            [
              106.55,
              -7.3
            ],
            [
              106.4,
              -7.3
            ],
            [
              106.4,
              -7.15
            ]
          ]
        ]
      },
      "properties": {
        "id": "geo_ciletuh_melange_complex",
        "name": "Kompleks Melange Ciletuh (Subduction Complex)",
        "domain": "geology",
        "feature_type": "geological_complex",
        "structure_type": "mélange",
        "description": "Pre-Tertiary subduction melange complex exposed at Ciletuh, West Java, featuring chaotic blocks of ophiolite, metamorphic schists, and deep-marine sediments.",
        "geological_process": "Plate Tectonics & Subduction",
        "geological_age": "Cretaceous (~110-135 Ma)",
        "geological_period": "Cretaceous",
        "rock_type": "Ophiolite, Peridotite, Serpentinite, Glaucophane Schist",
        "evidence_type": "Rock",
        "evidence_description": "Exposed tectonic mélange blocks comprising oceanic crustal rocks embedded in sheared matrix.",
        "evidence_significance": "Provides direct petrological evidence of ancient Cretaceous subduction accretion along Sundaland.",
        "why_it_matters": "Ciletuh exposes Java's oldest basement rocks, allowing geoscientists to reconstruct Cretaceous plate subduction history.",
        "location_province": "Jawa Barat",
        "data_status": "demo",
        "source": "UNESCO Global Geoparks Network (2018) 'Ciletuh-Palabuhanratu UNESCO Global Geopark Dossier'; Sukamto, R. (1975) P3G Bandung.",
        "source_url": "https://en.unesco.org/global-geoparks/ciletuh-palabuhanratu",
        "source_type": "institutional_record",
        "source_verification_status": "verified",
        "geometry_status": "partially_verified",
        "record_compilation_date": "2026-09-15",
        "last_updated": "2026-09-15",
        "geometry_note": "Polygon representation of complex boundary (interface visual convention).",
        "geometry_notes": "Polygon representation of complex boundary (interface visual convention).",
        "source_citation": "UNESCO Global Geoparks Network (2018) 'Ciletuh-Palabuhanratu UNESCO Global Geopark Dossier'; Sukamto, R. (1975) P3G Bandung.",
        "primary_source_url": "https://en.unesco.org/global-geoparks/ciletuh-palabuhanratu"
      }
    },
    {
      "type": "Feature",
      "geometry": {
        "type": "Polygon",
        "coordinates": [
          [
            [
              109.6,
              -7.5
            ],
            [
              109.72,
              -7.5
            ],
            [
              109.72,
              -7.62
            ],
            [
              109.6,
              -7.62
            ],
            [
              109.6,
              -7.5
            ]
          ]
        ]
      },
      "properties": {
        "id": "geo_karangsambung_melange_complex",
        "name": "Kompleks Melange Karangsambung (Ophiolite Complex)",
        "domain": "geology",
        "feature_type": "geological_complex",
        "structure_type": "mélange",
        "description": "Cretaceous subduction accretionary complex exposing ophiolite sequence, pillow basalts, red chert, and tectonic melange in Kebumen, Central Java.",
        "geological_process": "Plate Tectonics & Subduction",
        "geological_age": "Cretaceous to Eocene",
        "geological_period": "Cretaceous",
        "rock_type": "Pillow Basalt, Red Chert, Serpentinite, Mica Schist",
        "evidence_type": "Rock",
        "evidence_description": "Deep marine pillow basalts and radiolarian chert blocks structurally chaotic in scaly clay matrix.",
        "evidence_significance": "Classic Indonesian tectonic benchmark site illustrating ancient subduction zone lithologies.",
        "why_it_matters": "Karangsambung serves as Indonesia's open-air geological laboratory for studying subduction zone dynamics and ophiolite emplacement.",
        "location_province": "Jawa Tengah",
        "data_status": "demo",
        "source": "Wakita, K. (2000) 'Cretaceous accretionary–collision complexes in central Indonesia', Journal of Asian Earth Sciences, 18(6): 739–749; Asikin, S. (1974) Disertasi Doktor ITB.",
        "source_url": "https://doi.org/10.1016/S1367-9120(00)00028-1",
        "source_type": "peer-reviewed_publication",
        "source_verification_status": "verified",
        "geometry_status": "partially_verified",
        "record_compilation_date": "2026-09-15",
        "last_updated": "2026-09-15",
        "geometry_note": "Polygon representation of complex boundary (interface visual convention).",
        "geometry_notes": "Polygon representation of complex boundary (interface visual convention).",
        "source_citation": "Wakita, K. (2000) 'Cretaceous accretionary–collision complexes in central Indonesia', Journal of Asian Earth Sciences, 18(6): 739–749; Asikin, S. (1974) Disertasi Doktor ITB.",
        "primary_source_url": "https://doi.org/10.1016/S1367-9120(00)00028-1",
        "doi": "10.1016/S1367-9120(00)00028-1"
      }
    },
    {
      "type": "Feature",
      "id": "geo_cand_ngandong",
      "geometry": {
        "type": "Point",
        "coordinates": [
          111.4319,
          -7.2185
        ]
      },
      "properties": {
        "id": "geo_cand_ngandong",
        "name": "Ngandong Homo erectus (Solo Man) Site",
        "domain": "geology",
        "feature_type": "paleontology_site",
        "description": "Late Pleistocene alluvial terrace locality along the Bengawan Solo River where 14 Homo erectus (Solo Man) calvaria and tibia were discovered between 1931 and 1933.",
        "geological_process": "Fluvial & Terrace Sedimentation",
        "geological_age": "Late Pleistocene (~117,000 - 108,000 BP)",
        "geological_period": "Quaternary",
        "taxon_name": "Homo erectus (Solo Man)",
        "discovery_locality": "Bengawan Solo High Terrace, Ngandong, Blora",
        "fossil_material": "14 cranial calvaria, tibia fragments, Stegodon & Bubalus fossils",
        "paleoenvironment": "Open-woodland riverine terrace and seasonal floodplain",
        "evidence_type": "Fossil",
        "evidence_description": "Fossilized cranial and tibial remains of Homo erectus discovered within stratified terrace sand and gravel beds of the High Terrace of Bengawan Solo.",
        "evidence_significance": "Stratified cranial elements confirm the survival of late Homo erectus in Java until the late Middle-to-Late Pleistocene transition.",
        "why_it_matters": "Ngandong represents the youngest globally documented population of Homo erectus, providing critical chronological constraints on hominin survival in Southeast Asia.",
        "data_status": "demo",
        "source": "Rizal, Y. et al. (2020) 'Last appearance of Homo erectus at Ngandong, Java, 117,000–108,000 years ago', Nature, 577: 381–385; Oppenoorth, W.F.F. (1932) Wetenschappelijke Mededeelingen Dienst van den Mijnbouw in Nederlandsch-Indië.",
        "source_url": "https://doi.org/10.1038/s41586-019-1863-2",
        "source_type": "peer-reviewed_publication",
        "source_verification_status": "verified",
        "geometry_status": "verified",
        "geometry_notes": "Coordinates verified from BRIN archaeological benchmark maps for the Ngandong Bengawan Solo high terrace excavation pit (7.2185° S, 111.4319° E).",
        "record_compilation_date": "2026-09-15",
        "last_updated": "2026-09-15",
        "geometry_note": "Coordinates verified from BRIN archaeological benchmark maps for the Ngandong Bengawan Solo high terrace excavation pit (7.2185° S, 111.4319° E).",
        "source_citation": "Rizal, Y. et al. (2020) 'Last appearance of Homo erectus at Ngandong, Java, 117,000–108,000 years ago', Nature, 577: 381–385.",
        "primary_source_url": "https://doi.org/10.1038/s41586-019-1863-2",
        "doi": "10.1038/s41586-019-1863-2",
        "sources": [
          {
            "title": "Last appearance of Homo erectus at Ngandong, Java, 117,000–108,000 years ago",
            "citation": "Rizal, Y., Westaway, K.E., et al. (2020). Nature, 577: 381–385.",
            "url": "https://doi.org/10.1038/s41586-019-1863-2",
            "type": "peer-reviewed_publication",
            "topic": "Geochronology & Stratigraphic Context"
          }
        ]
      }
    },
    {
      "type": "Feature",
      "id": "geo_cand_perning_mojokerto",
      "geometry": {
        "type": "Point",
        "coordinates": [
          112.4938,
          -7.3739
        ]
      },
      "properties": {
        "id": "geo_cand_perning_mojokerto",
        "name": "Perning (Mojokerto) Homo erectus Child Site",
        "domain": "geology",
        "feature_type": "paleontology_site",
        "description": "Early Pleistocene volcanic-alluvial site in Jetis, Mojokerto, famous for the 1936 discovery of the juvenile Pithecanthropus mojokertensis (Mojokerto child) skull.",
        "geological_process": "Fluvial & Deltaic Sedimentation",
        "geological_age": "Early Pleistocene (~1.81 - 1.49 Ma)",
        "geological_period": "Quaternary",
        "taxon_name": "Pithecanthropus mojokertensis (Homo erectus)",
        "discovery_locality": "Sumberrame / Perning, Jetis, Mojokerto",
        "fossil_material": "Mojokerto 1 (Perning 1) juvenile calvaria (~3-5 years old)",
        "paleoenvironment": "Volcanic deltaic mudflat & river channel floodplain",
        "evidence_type": "Fossil",
        "evidence_description": "Calvaria of a young hominin child recovered from tuffaceous sandstone beds of the lower Pucangan (Mojokerto) Formation.",
        "evidence_significance": "Provides direct fossil evidence for the earliest hominin colonization of Sundaland during the Early Pleistocene.",
        "why_it_matters": "One of the oldest hominin specimens in Southeast Asia (~1.8 Ma), demonstrating early hominin adaptability across tropical volcanic delta environments.",
        "data_status": "demo",
        "source": "Huffman, O.F. et al. (2006) 'Relocation of the 1936 Mojokerto skull discovery site near Perning, East Java', Journal of Human Evolution, 50(4): 431–451; Swisher, C.C. et al. (1994) Science, 263: 1118–1121.",
        "source_url": "https://doi.org/10.1016/j.jhevol.2005.11.002",
        "source_type": "peer-reviewed_publication",
        "source_verification_status": "verified",
        "geometry_status": "verified",
        "geometry_notes": "Discovery locality verified via historical Geological Survey of Indonesia benchmarks and published stratigraphy in Sumberrame/Perning.",
        "record_compilation_date": "2026-09-15",
        "last_updated": "2026-09-15",
        "geometry_note": "Discovery locality verified via historical Geological Survey of Indonesia benchmarks and published stratigraphy in Sumberrame/Perning.",
        "source_citation": "Huffman, O.F. et al. (2006) 'Relocation of the 1936 Mojokerto skull discovery site near Perning, East Java', Journal of Human Evolution, 50(4): 431–451.",
        "primary_source_url": "https://doi.org/10.1016/j.jhevol.2005.11.002",
        "doi": "10.1016/j.jhevol.2005.11.002",
        "sources": [
          {
            "title": "Relocation of the 1936 Mojokerto skull discovery site near Perning, East Java",
            "citation": "Huffman, O.F., Zaim, Y., Kappelman, J., et al. (2006). Journal of Human Evolution, 50(4): 431–451.",
            "url": "https://doi.org/10.1016/j.jhevol.2005.11.002",
            "type": "peer-reviewed_publication",
            "topic": "Primary Locality Relocation & Stratigraphic Dating"
          },
          {
            "title": "Age of the earliest known hominids in Java, Indonesia (Historical Context)",
            "citation": "Swisher, C.C., Curtis, G.H., Jacob, T., et al. (1994). Science, 263(5150): 1118–1121.",
            "url": "https://doi.org/10.1126/science.8108729",
            "type": "peer-reviewed_publication",
            "topic": "Historical 40Ar/39Ar Geochronology (Superseded on Pumice Origin)"
          }
        ]
      }
    },
    {
      "type": "Feature",
      "id": "geo_cand_sambungmacan",
      "geometry": {
        "type": "Point",
        "coordinates": [
          111.0847,
          -7.3622
        ]
      },
      "properties": {
        "id": "geo_cand_sambungmacan",
        "name": "Sambungmacan Progressive Homo erectus Site",
        "domain": "geology",
        "feature_type": "paleontology_site",
        "description": "Bengawan Solo river canal shortcut locality in Sragen where morphologically progressive Homo erectus crania (Sm 1, Sm 3, Sm 4) were recovered.",
        "geological_process": "Fluvial Channel Sedimentation",
        "geological_age": "Middle to Late Pleistocene (~0.4 - 0.1 Ma)",
        "geological_period": "Quaternary",
        "taxon_name": "Homo erectus (Progressive Morphotype)",
        "discovery_locality": "Sambungmacan Canal Cut, Sragen, Central Java",
        "fossil_material": "Sm 1, Sm 3, Sm 4 crania, postcranial elements",
        "paleoenvironment": "Dynamic river channel cut and alluvial terrace",
        "evidence_type": "Fossil",
        "evidence_description": "Multiple well-preserved Homo erectus calvaria recovered during canal excavations through fluvial gravels of the ancient Solo River.",
        "evidence_significance": "Intermediate cranial capacity and cranial vault contour demonstrate progressive morphological transition between classic Sangiran and Ngandong hominins.",
        "why_it_matters": "Fills a key morphological and chronological gap in Javanese human evolution, linking early Pleistocene Homo erectus to late Pleistocene forms.",
        "data_status": "demo",
        "source": "Baba, H., Aziz, F., Kaifu, Y., Suwa, G., Kono, R.T. & Jacob, T. (2003) 'Homo erectus Calvarium from the Pleistocene of Java', Science, 299(5611): 1384–1388; Jacob, T. et al. (1978).",
        "source_url": "https://doi.org/10.1126/science.1081676",
        "source_type": "peer-reviewed_publication",
        "source_verification_status": "verified",
        "geometry_status": "verified",
        "geometry_notes": "Coordinates anchored to the Sambungmacan canal cutoff excavation site along the Bengawan Solo meander in Sragen Regency.",
        "record_compilation_date": "2026-09-15",
        "last_updated": "2026-09-15",
        "geometry_note": "Coordinates anchored to the Sambungmacan canal cutoff excavation site along the Bengawan Solo meander in Sragen Regency.",
        "source_citation": "Baba, H. et al. (2003) 'Homo erectus Calvarium from the Pleistocene of Java', Science, 299(5611): 1384–1388.",
        "primary_source_url": "https://doi.org/10.1126/science.1081676",
        "doi": "10.1126/science.1081676",
        "sources": [
          {
            "title": "Homo erectus Calvarium from the Pleistocene of Java",
            "citation": "Baba, H., Aziz, F., Kaifu, Y., Suwa, G., Kono, R.T., & Jacob, T. (2003). Science, 299(5611): 1384–1388.",
            "url": "https://doi.org/10.1126/science.1081676",
            "type": "peer-reviewed_publication",
            "topic": "Cranial Morphology & Micro-CT Analysis"
          }
        ]
      }
    },
    {
      "type": "Feature",
      "id": "geo_cand_ngawi_selopuro",
      "geometry": {
        "type": "Point",
        "coordinates": [
          111.4428,
          -7.4042
        ]
      },
      "properties": {
        "id": "geo_cand_ngawi_selopuro",
        "name": "Ngawi (Selopuro) Homo erectus Skull Site",
        "domain": "geology",
        "feature_type": "paleontology_site",
        "description": "Bengawan Solo riverbank site at Selopuro, Ngawi, where an exceptionally complete adult Homo erectus cranium (Ngawi 1) was discovered in 1987.",
        "geological_process": "Fluvial & Terrace Sedimentation",
        "geological_age": "Late Pleistocene (~0.15 - 0.10 Ma)",
        "geological_period": "Quaternary",
        "taxon_name": "Homo erectus (Ngawi 1)",
        "discovery_locality": "Selopuro gravel bend, Pitu, Ngawi, East Java",
        "fossil_material": "Ngawi 1 complete adult calvaria",
        "paleoenvironment": "Meandering river terrace gravel bar and floodplain",
        "evidence_type": "Fossil",
        "evidence_description": "Intact Homo erectus skull specimen (Ngawi 1) recovered from basal gravels of the lower Bengawan Solo terrace system.",
        "evidence_significance": "Undeformed cranial base and vault geometry provide precise metric data on late Javanese Homo erectus cranial architecture.",
        "why_it_matters": "One of the best-preserved adult Homo erectus crania discovered in Java, showing affinities with the late Ngandong morphotype.",
        "data_status": "demo",
        "source": "Widianto, H., & Zeitoun, V. (2003) 'Morphological description of the human skull cap of Ngawi', Comptes Rendus Palevol, 2(2): 163–176.",
        "source_url": "https://doi.org/10.1016/S1631-0683(03)00007-8",
        "source_type": "peer-reviewed_publication",
        "source_verification_status": "verified",
        "geometry_status": "verified",
        "geometry_notes": "Coordinates tied directly to the Selopuro river bend gravel deposits in Pitu District, Ngawi Regency.",
        "record_compilation_date": "2026-09-15",
        "last_updated": "2026-09-15",
        "geometry_note": "Coordinates tied directly to the Selopuro river bend gravel deposits in Pitu District, Ngawi Regency.",
        "source_citation": "Widianto, H., & Zeitoun, V. (2003) 'Morphological description of the human skull cap of Ngawi', Comptes Rendus Palevol, 2(2): 163–176.",
        "primary_source_url": "https://doi.org/10.1016/S1631-0683(03)00007-8",
        "doi": "10.1016/S1631-0683(03)00007-8"
      }
    },
    {
      "type": "Feature",
      "id": "geo_cand_kedungbrubus",
      "geometry": {
        "type": "Point",
        "coordinates": [
          111.6603,
          -7.5211
        ]
      },
      "properties": {
        "id": "geo_cand_kedungbrubus",
        "name": "Kedungbrubus Dubois Type Locality & Mandible Site",
        "domain": "geology",
        "feature_type": "paleontology_site",
        "description": "Historical 1890 Eugène Dubois excavation locality in the Kendeng Zone where the very first hominin fragment in Java (a juvenile mandible) was found alongside the classic Kedungbrubus mammal fauna.",
        "geological_process": "Fluvial & Volcaniclastic Sedimentation",
        "geological_age": "Middle Pleistocene (~0.8 - 0.7 Ma)",
        "geological_period": "Quaternary",
        "taxon_name": "Homo erectus / Kedungbrubus Fauna Type Assemblage",
        "discovery_locality": "Kedungbrubus Valley, Pilangkenceng, Madiun, East Java",
        "fossil_material": "Kedungbrubus 1 mandible fragment, Stegodon, Tapirus, and Hexaprotodon fossils",
        "paleoenvironment": "Kendeng intermontane river valley & open savanna",
        "evidence_type": "Fossil",
        "evidence_description": "Juvenile mandibular fragment (Kedungbrubus 1) and rich vertebrate faunal assemblage collected from Kendeng sandstones.",
        "evidence_significance": "Historical evidence marking the very first recognition of fossil hominin remains in Indonesia by Dubois in 1890.",
        "why_it_matters": "Historic foundational site for Indonesian paleoanthropology, establishing the type locality for the classic Middle Pleistocene Kedungbrubus Faunal Stage.",
        "data_status": "demo",
        "source": "van den Bergh, G.D. (1999) 'The Late Neogene elephantoid-bearing faunas of Indonesia and their palaeozoogeographical implications', Scripta Geologica, 117: 1–419; Dubois, E. (1891).",
        "source_url": "https://repository.naturalis.nl/record/218998",
        "source_type": "peer-reviewed_publication",
        "source_verification_status": "verified",
        "geometry_status": "partially_verified",
        "geometry_notes": "General Kedungbrubus reservoir valley location is well documented, but exact 1890 Dubois excavation pit retains minor field coordinate uncertainty (~500m radius).",
        "record_compilation_date": "2026-09-15",
        "last_updated": "2026-09-15",
        "geometry_note": "General Kedungbrubus reservoir valley location is well documented, but exact 1890 Dubois excavation pit retains minor field coordinate uncertainty (~500m radius).",
        "source_citation": "van den Bergh, G.D. (1999) 'The Late Neogene elephantoid-bearing faunas of Indonesia and their palaeozoogeographical implications', Scripta Geologica, 117: 1–419; Dubois, E. (1891).",
        "primary_source_url": "https://repository.naturalis.nl/record/218998"
      }
    },
    {
      "type": "Feature",
      "id": "geo_cand_wajak",
      "geometry": {
        "type": "Point",
        "coordinates": [
          111.8381,
          -8.195
        ]
      },
      "properties": {
        "id": "geo_cand_wajak",
        "name": "Wajak Cave Early Modern Human (Homo sapiens) Site",
        "domain": "geology",
        "feature_type": "paleontology_site",
        "description": "Karst cave site in the Southern Mountains near Tulungagung where B.D. van Rietschoten and Eugène Dubois discovered Early Modern Human skulls (Homo wajakensis) in 1888–1889.",
        "geological_process": "Karst Cave Sedimentation",
        "geological_age": "Late Pleistocene to Early Holocene (~37,000 - 28,000 BP)",
        "geological_period": "Quaternary",
        "taxon_name": "Homo sapiens (Homo wajakensis)",
        "discovery_locality": "Gua Wajak, Campurdarat, Tulungagung, East Java",
        "fossil_material": "Wajak 1 and Wajak 2 crania, maxilla, and associated mammalian fauna",
        "paleoenvironment": "Karst cave shelter and tropical woodland",
        "evidence_type": "Fossil",
        "evidence_description": "Fossilized human skulls showing anatomically modern cranial traits with robust Australomelanesian morphological affinities.",
        "evidence_significance": "Direct fossil evidence for Early Modern Human (Homo sapiens) occupation of the Sunda Peninsula during the Late Pleistocene.",
        "why_it_matters": "Wajak is Indonesia's first scientifically described modern human fossil site, essential for understanding late Quaternary human dispersal into Wallacea and Sahul.",
        "data_status": "demo",
        "source": "Storm, P., Wood, R., Stringer, C., Bartsiokas, A., de Vos, J., Aubert, M., Kinsley, L., & Grün, R. (2013) 'U-series and AMS 14C dating of Wadjak and Flores hominids', Journal of Human Evolution, 64(5): 356–365.",
        "source_url": "https://doi.org/10.1016/j.jhevol.2012.09.002",
        "source_type": "peer-reviewed_publication",
        "source_verification_status": "verified",
        "geometry_status": "verified",
        "geometry_notes": "Gua Wajak cave entrance coordinates confirmed via BRIN archaeological survey reports and East Java cultural heritage registry.",
        "record_compilation_date": "2026-09-15",
        "last_updated": "2026-09-15",
        "geometry_note": "Gua Wajak cave entrance coordinates confirmed via BRIN archaeological survey reports and East Java cultural heritage registry.",
        "source_citation": "Storm, P., Wood, R., Stringer, C., Bartsiokas, A., de Vos, J., Aubert, M., Kinsley, L., & Grün, R. (2013) 'U-series and AMS 14C dating of Wadjak and Flores hominids', Journal of Human Evolution, 64(5): 356–365.",
        "primary_source_url": "https://doi.org/10.1016/j.jhevol.2012.09.002",
        "doi": "10.1016/j.jhevol.2012.09.002"
      }
    },
    {
      "type": "Feature",
      "id": "geo_cand_patiayam",
      "geometry": {
        "type": "Point",
        "coordinates": [
          110.9389,
          -6.8125
        ]
      },
      "properties": {
        "id": "geo_cand_patiayam",
        "name": "Patiayam Muria Stegodon & Megafauna Site",
        "domain": "geology",
        "feature_type": "paleontology_site",
        "description": "Extensive Pleistocene volcanic-fluvial dome deposit on the slopes of Mount Muria containing thousands of Stegodon fossils, proboscidean megafauna, and hominin teeth.",
        "geological_process": "Volcaniclastic & Lacustrine Sedimentation",
        "geological_age": "Early to Middle Pleistocene (~1.5 - 0.7 Ma)",
        "geological_period": "Quaternary",
        "taxon_name": "Stegodon trigonocephalus / Elephas / Homo erectus",
        "discovery_locality": "Patiayam Dome, Jekulo, Kudus, Central Java",
        "fossil_material": "Over 8,000 vertebrate fossils: Stegodon tusks/molars, Elephas, Rhinoceros, hominin teeth",
        "paleoenvironment": "Volcanic piedmont lake basin, swamps, and savanna grasslands",
        "evidence_type": "Fossil",
        "evidence_description": "Massive accumulation of stratified Pleistocene megafauna bones and isolated hominin premolar/molar fossils in tuffaceous sandstones.",
        "evidence_significance": "Demonstrates rich insular mammal biodiversity and co-occurring hominin presence around the isolated Muria volcanic island.",
        "why_it_matters": "Patiayam preserves one of Java's richest vertebrate fossil assemblages, providing crucial evidence on island biogeography and ancient megafaunal ecology.",
        "data_status": "demo",
        "source": "Zaim, Y., Rizal, Y., Aswan, Ciochon, R.L., et al. (2011) 'Geological and paleontological investigations at Patiayam, Central Java', ITB Journal of Science; van den Bergh (1999) Scripta Geologica 117.",
        "source_url": "",
        "source_type": "peer-reviewed_publication",
        "source_verification_status": "partially_verified",
        "geometry_status": "verified",
        "geometry_notes": "Coordinates anchor to the core Patiayam Museum & primary excavation ridge in Terban, Jekulo, Kudus.",
        "record_compilation_date": "2026-09-15",
        "last_updated": "2026-09-15",
        "geometry_note": "Coordinates anchor to the core Patiayam Museum & primary excavation ridge in Terban, Jekulo, Kudus.",
        "source_citation": "Zaim, Y., Rizal, Y., Aswan, Ciochon, R.L., et al. (2011) 'Geological and paleontological investigations at Patiayam, Central Java', ITB Journal of Science; van den Bergh (1999) Scripta Geologica 117.",
        "primary_source_url": ""
      }
    },
    {
      "type": "Feature",
      "id": "geo_cand_punung",
      "geometry": {
        "type": "Point",
        "coordinates": [
          111.0022,
          -8.1275
        ]
      },
      "properties": {
        "id": "geo_cand_punung",
        "name": "Punung Karst Rainforest Fauna & Homo sapiens Caves",
        "domain": "geology",
        "feature_type": "paleontology_site",
        "description": "Gunung Sewu karst cave system (Song Terus & Song Gupuh) near Punung, yielding the type Late Pleistocene humid rainforest Punung Fauna and early modern human remains.",
        "geological_process": "Karst Cave Sedimentation & Speleothem Formation",
        "geological_age": "Late Pleistocene to Holocene (~128,000 - 7,000 BP)",
        "geological_period": "Quaternary",
        "taxon_name": "Pongo pygmaeus / Early Homo sapiens",
        "discovery_locality": "Song Terus & Song Gupuh Caves, Punung, Pacitan, East Java",
        "fossil_material": "Orangutan (Pongo), gibbon, sun bear fossils, and early human burials",
        "paleoenvironment": "Humid tropical evergreen rainforest and rugged karst valleys",
        "evidence_type": "Fossil",
        "evidence_description": "Fossil teeth of rainforest mammals (Pongo, Helarctos) and stratified modern human skeletal remains recovered from deep cave breccia.",
        "evidence_significance": "Documents the environmental transition from open woodland to humid rainforest, marking the appearance of rainforest-adapted Homo sapiens in Java.",
        "why_it_matters": "Punung is the type locality of the Late Pleistocene rainforest Punung Fauna (~128 ka), establishing a crucial ecological boundary in Southeast Asian prehistory.",
        "data_status": "demo",
        "source": "Sémah, A.M., Sémah, F., Djubiantono, T., & Simanjuntak, T. (2004) 'Stegodons and humans in the karst of Gunung Sewu', Courier Forschungsinstitut Senckenberg, 250: 175–190.",
        "source_url": "",
        "source_type": "peer-reviewed_publication",
        "source_verification_status": "partially_verified",
        "geometry_status": "verified",
        "geometry_notes": "Coordinates verified from Song Terus cave entrance benchmark in Punung District, Pacitan Regency.",
        "record_compilation_date": "2026-09-15",
        "last_updated": "2026-09-15",
        "geometry_note": "Coordinates verified from Song Terus cave entrance benchmark in Punung District, Pacitan Regency.",
        "source_citation": "Sémah, A.M., Sémah, F., Djubiantono, T., & Simanjuntak, T. (2004) 'Stegodons and humans in the karst of Gunung Sewu', Courier Forschungsinstitut Senckenberg, 250: 175–190.",
        "primary_source_url": ""
      }
    },
    {
      "type": "Feature",
      "id": "geo_cand_semedo",
      "geometry": {
        "type": "Point",
        "coordinates": [
          109.2817,
          -6.9631
        ]
      },
      "properties": {
        "id": "geo_cand_semedo",
        "name": "Semedo Homo erectus & Megafauna Outcrop",
        "domain": "geology",
        "feature_type": "paleontology_site",
        "description": "Multi-category Early-Middle Pleistocene site in Tegal containing Homo erectus fossils, 1,331 terrestrial vertebrate fossil pieces (Stegodon, Gigantopithecus), and 207 marine invertebrate fossils in one combined outcrop.",
        "geological_process": "Marine-to-Terrestrial Transitional Sedimentation",
        "geological_age": "Early to Middle Pleistocene (~1.8 - 0.7 Ma)",
        "geological_period": "Quaternary",
        "taxon_name": "Homo erectus / Semedo Megafauna Assemblage",
        "discovery_locality": "Semedo Hills, Kedungbanteng, Tegal, Central Java",
        "fossil_material": "Homo erectus calvaria/mandible, 1,331 vertebrate fossils (Stegodon, Hippopotamus, Gigantopithecus), 207 invertebrate fossils",
        "paleoenvironment": "Regressive coastal delta transitioning into savanna river plains",
        "evidence_type": "Fossil",
        "evidence_description": "Extensive stratigraphic exposure preserving marine mollusks in lower beds and abundant land megafauna with hominin remains in upper beds.",
        "evidence_significance": "Dual significance: records a complete ecological turnover from shallow marine bay to terrestrial woodland hosting early hominins and giant primates.",
        "why_it_matters": "Semedo is a uniquely comprehensive site in western Central Java, bridging marine micropaleontology, Pleistocene megafauna evolution, and early human dispersal.",
        "data_status": "demo",
        "source": "Widianto, H., Hidayat, M., & Siswanto (2015) 'Situs Semedo: Kronologi Plio-Pleistosen dan Jejak Kehadiran Manusia Purba di Jawa', Berkala Arkeologi, 35(1): 1–16.",
        "source_url": "https://doi.org/10.30883/jba.v35i1.47",
        "source_type": "peer-reviewed_publication",
        "source_verification_status": "verified",
        "geometry_status": "verified",
        "geometry_notes": "Coordinates anchor to the Semedo Site Museum and core discovery outcrop ridge in Kedungbanteng, Tegal Regency.",
        "record_compilation_date": "2026-09-15",
        "last_updated": "2026-09-15",
        "geometry_note": "Coordinates anchor to the Semedo Site Museum and core discovery outcrop ridge in Kedungbanteng, Tegal Regency.",
        "source_citation": "Widianto, H., Hidayat, M., & Siswanto (2015) 'Situs Semedo: Kronologi Plio-Pleistosen dan Jejak Kehadiran Manusia Purba di Jawa', Berkala Arkeologi, 35(1): 1–16.",
        "primary_source_url": "https://doi.org/10.30883/jba.v35i1.47",
        "doi": "10.30883/jba.v35i1.47"
      }
    },
    {
      "type": "Feature",
      "id": "geo_cand_soa_mata_menge",
      "geometry": {
        "type": "Point",
        "coordinates": [
          121.0925,
          -8.7056
        ]
      },
      "properties": {
        "id": "geo_cand_soa_mata_menge",
        "name": "Soa Basin (Mata Menge) Flores Hominin & Dwarf Stegodon Site",
        "domain": "geology",
        "feature_type": "paleontology_site",
        "description": "Representative discovery point within the 35x22 km Soa Basin, Flores, famous for ~700,000-year-old ancestral hominin fossils, dwarf Stegodon, Komodo dragon, and giant rat remains.",
        "geological_process": "Fluvio-Lacustrine & Volcaniclastic Sedimentation",
        "geological_age": "Early to Middle Pleistocene (~0.84 - 0.70 Ma)",
        "geological_period": "Quaternary",
        "taxon_name": "Homo sp. (Flores hominin ancestor) / Stegodon florensis",
        "discovery_locality": "Mata Menge, Soa Basin, Ngada / Flores Tengah, NTT",
        "fossil_material": "Hominin mandible and teeth, dwarf Stegodon skeletons, Varanus komodoensis, Hooijeromys",
        "paleoenvironment": "Volcano-tectonic lake basin, seasonal wetlands, and open grasslands",
        "evidence_type": "Fossil",
        "evidence_description": "Fossilized hominin dental and mandibular remains alongside insular dwarfed megafauna and stone tools beneath 700-ka volcanic ash fall layers.",
        "evidence_significance": "Proves early hominin oceanic island colonization and extreme rapid body size reduction east of Wallace's Line prior to 700,000 BP.",
        "why_it_matters": "Mata Menge reveals the direct ancestral lineage of Homo floresiensis, resolving long-standing evolutionary debates regarding hominin arrival on Flores.",
        "data_status": "demo",
        "source": "Brumm, A. et al. (2016) Nature, 534: 249–253; van den Bergh, G.D. et al. (2016) Nature, 534: 245–248; Brumm, A. et al. (2006) Nature, 441: 624–628.",
        "source_url": "https://doi.org/10.1038/nature17663",
        "source_type": "peer-reviewed_publication",
        "source_verification_status": "verified",
        "geometry_status": "verified",
        "geometry_notes": "Point represents the internationally documented Mata Menge excavation grid as the representative focal site within the broad 35x22 km Soa lacustrine basin.",
        "record_compilation_date": "2026-09-15",
        "last_updated": "2026-09-15",
        "geometry_note": "Point represents the internationally documented Mata Menge excavation grid as the representative focal site within the broad 35x22 km Soa lacustrine basin.",
        "source_citation": "Brumm, A. et al. (2016) Nature, 534: 249–253; van den Bergh, G.D. et al. (2016) Nature, 534: 245–248.",
        "primary_source_url": "https://doi.org/10.1038/nature17663",
        "doi": "10.1038/nature17663",
        "sources": [
          {
            "title": "Age and context of the oldest known hominin fossils from Flores",
            "citation": "Brumm, A., van den Bergh, G.D., Storey, M., et al. (2016). Nature, 534: 249–253.",
            "url": "https://doi.org/10.1038/nature17663",
            "type": "peer-reviewed_publication",
            "topic": "Stratigraphic Context & 40Ar/39Ar Geochronology"
          },
          {
            "title": "Homo floresiensis-like hominin fossils from the early Middle Pleistocene of Flores",
            "citation": "van den Bergh, G.D., Kaifu, Y., Kurniawan, I., et al. (2016). Nature, 534: 245–248.",
            "url": "https://doi.org/10.1038/nature17999",
            "type": "peer-reviewed_publication",
            "topic": "Dental & Mandibular Paleontology (700 ka Hominin)"
          },
          {
            "title": "Early stone technology on Flores and its implications for Homo floresiensis",
            "citation": "Brumm, A., Aziz, F., van den Bergh, G.D., et al. (2006). Nature, 441: 624–628.",
            "url": "https://doi.org/10.1038/nature04618",
            "type": "peer-reviewed_publication",
            "topic": "Pleistocene Lithic Artifacts"
          }
        ]
      }
    },
    {
      "type": "Feature",
      "id": "geo_cand_cabenge_soppeng",
      "geometry": {
        "type": "Point",
        "coordinates": [
          119.9214,
          -4.4533
        ]
      },
      "properties": {
        "id": "geo_cand_cabenge_soppeng",
        "name": "Cabenge (Soppeng) Endemic Dwarf Stegodon & Suid Site",
        "domain": "geology",
        "feature_type": "paleontology_site",
        "description": "Late Pliocene to Early Pleistocene river terrace locality in Soppeng, South Sulawesi, yielding endemic insular vertebrate fauna (dwarf Stegodon, giant suid Celebochoerus) of the Walanae Formation.",
        "geological_process": "Fluvial Terrace Sedimentation",
        "geological_age": "Late Pliocene to Early Pleistocene (~2.5 - 1.5 Ma)",
        "geological_period": "Quaternary",
        "taxon_name": "Stegodon sompoensis / Celebochoerus heekereni",
        "discovery_locality": "Cabenge, Walanae Depression, Soppeng, South Sulawesi",
        "fossil_material": "Dwarf Stegodon teeth/limbs, giant suid tusks (Celebochoerus), giant tortoise shells (Colossochelys)",
        "paleoenvironment": "Ancient Wallacean island river channel and flood basin",
        "evidence_type": "Fossil",
        "evidence_description": "Dense accumulations of endemic vertebrate fossils recovered from fluviatile conglomerate and sandstone terraces of the Walanae Formation.",
        "evidence_significance": "Provides primary empirical evidence for deep-time insular endemic faunal evolution and early island isolation across Wallacea.",
        "why_it_matters": "Cabenge is the type locality for Sulawesi's archaic vertebrate fauna, essential for understanding island endemism and sweepstakes dispersal across deep oceanic trenches.",
        "data_status": "demo",
        "source": "van den Bergh, G.D., Li, B., Brumm, A., Grün, R., et al. (2016) 'Earliest hominin occupation of Sulawesi, Indonesia', Nature, 529: 208–211; van den Bergh (1999) Scripta Geologica 117: 27-128.",
        "source_url": "https://doi.org/10.1038/nature16448",
        "source_type": "peer-reviewed_publication",
        "source_verification_status": "verified",
        "geometry_status": "verified",
        "geometry_notes": "Coordinates pinned to the classic Cabenge river terrace outcrop along the Walanae river system in Soppeng Regency.",
        "record_compilation_date": "2026-09-15",
        "last_updated": "2026-09-15",
        "geometry_note": "Coordinates pinned to the classic Cabenge river terrace outcrop along the Walanae river system in Soppeng Regency.",
        "source_citation": "van den Bergh, G.D., Li, B., Brumm, A., Grün, R., et al. (2016) 'Earliest hominin occupation of Sulawesi, Indonesia', Nature, 529: 208–211; van den Bergh (1999) Scripta Geologica 117: 27-128.",
        "primary_source_url": "https://doi.org/10.1038/nature16448",
        "doi": "10.1038/nature16448"
      }
    },
    {
      "type": "Feature",
      "id": "geo_cand_sumedang_stegodon",
      "geometry": {
        "type": "Point",
        "coordinates": [
          108.1361,
          -6.7725
        ]
      },
      "properties": {
        "id": "geo_cand_sumedang_stegodon",
        "name": "Sumedang (Tomo) Stegodon Tusk Discovery Site",
        "domain": "geology",
        "feature_type": "paleontology_site",
        "description": "Early Pleistocene volcaniclastic terrace in Cihonje, Tomo, Sumedang, where ITB geologists uncovered a remarkably intact 3.3-meter pair of Stegodon tusks in 2018.",
        "geological_process": "Volcaniclastic Lahar & Terrace Sedimentation",
        "geological_age": "Early Pleistocene (~1.5 Ma)",
        "geological_period": "Quaternary",
        "taxon_name": "Stegodon trigonocephalus",
        "discovery_locality": "Cihonje Stream, Tomo, Sumedang, West Java",
        "fossil_material": "Pair of 3.3-meter complete Stegodon tusks, pelvic girdle elements, molars",
        "paleoenvironment": "Volcanic foot-slope river channel and flood deposit",
        "evidence_type": "Fossil",
        "evidence_description": "Exceptionally preserved 3.3-meter Stegodon tusks embedded in tuffaceous sandstone layers of the Citalang Formation.",
        "evidence_significance": "Confirms the presence of large-bodied proboscideans in western Java during Early Pleistocene volcanic arc expansion.",
        "why_it_matters": "Provides tangible evidence of the western Java terrestrial migration corridor for Pleistocene megafauna dispersing across the Sunda Shelf.",
        "data_status": "demo",
        "source": "Laboratorium Paleontologi, Program Studi Teknik Geologi ITB & Museum Geologi Bandung (2018), Laporan Ekskavasi dan Rekonstruksi Fosil Gading Stegodon Desa Jembarwangi, Kecamatan Tomo, Sumedang.",
        "source_url": "",
        "source_type": "institutional_record",
        "source_verification_status": "partially_verified",
        "geometry_status": "partially_verified",
        "geometry_notes": "Coordinates anchored to Cihonje stream bed excavation zone in Tomo District; precise excavation datum carries minor field tolerance.",
        "record_compilation_date": "2026-09-15",
        "last_updated": "2026-09-15",
        "geometry_note": "Coordinates anchored to Cihonje stream bed excavation zone in Tomo District; precise excavation datum carries minor field tolerance.",
        "source_citation": "Laboratorium Paleontologi, Program Studi Teknik Geologi ITB & Museum Geologi Bandung (2018), Laporan Ekskavasi dan Rekonstruksi Fosil Gading Stegodon Desa Jembarwangi, Kecamatan Tomo, Sumedang.",
        "primary_source_url": ""
      }
    },
    {
      "type": "Feature",
      "id": "geo_cand_blora_stegodon",
      "geometry": {
        "type": "Point",
        "coordinates": [
          111.2389,
          -7.1528
        ]
      },
      "properties": {
        "id": "geo_cand_blora_stegodon",
        "name": "Blora (Banjarejo) Kendeng Megafauna Locality",
        "domain": "geology",
        "feature_type": "paleontology_site",
        "description": "Kendeng alluvial deposit locality in Banjarejo, Blora, reported in academic literature for isolated Stegodon and Elephas proboscidean fossil tooth discoveries.",
        "geological_process": "Fluvial Alluvial Sedimentation",
        "geological_age": "Middle to Late Pleistocene (~0.7 - 0.1 Ma)",
        "geological_period": "Quaternary",
        "taxon_name": "Stegodon trigonocephalus / Elephas sp.",
        "discovery_locality": "Banjarejo / Sunggun, Gabus, Blora, Central Java",
        "fossil_material": "Isolated proboscidean molars, tusk fragments, and limb bones",
        "paleoenvironment": "Ancient Kendeng floodplain and river channel",
        "evidence_type": "Fossil",
        "evidence_description": "Surface and shallow-pit proboscidean dental and skeletal fragments catalogued in local community museum repositories.",
        "evidence_significance": "Indicates continuous megafauna habitation across the northern Kendeng-Randublatung depression during the Middle-Late Pleistocene.",
        "why_it_matters": "Represents an emerging secondary fossil locality within the Bengawan Solo basin, requiring further systematic stratigraphic excavation.",
        "data_status": "demo",
        "source": "Museum Geologi Bandung & Balai Pelestarian Situs Manusia Purba (BPSMP) Sangiran (2009/2017), Laporan Penyelamatan dan Rekonstruksi Fosil Vertebrata Teras Bengawan Solo, Sunggun (Blora) & Banjarejo (Grobogan).",
        "source_url": "",
        "source_type": "institutional_record",
        "source_verification_status": "partially_verified",
        "geometry_status": "needs_review",
        "geometry_notes": "Coordinates placed at Banjarejo village center as a candidate placeholder; precise stratigraphic pit coordinates remain unconfirmed in peer-reviewed primary literature.",
        "record_compilation_date": "2026-09-15",
        "last_updated": "2026-09-15",
        "geometry_note": "Coordinates placed at Banjarejo village center as a candidate placeholder; precise stratigraphic pit coordinates remain unconfirmed in peer-reviewed primary literature.",
        "source_citation": "Museum Geologi Bandung & Balai Pelestarian Situs Manusia Purba (BPSMP) Sangiran (2009/2017), Laporan Penyelamatan dan Rekonstruksi Fosil Vertebrata Teras Bengawan Solo, Sunggun (Blora) & Banjarejo (Grobogan).",
        "primary_source_url": ""
      }
    },
    {
      "type": "Feature",
      "id": "geo_cand_timor_triassic_marine",
      "geometry": {
        "type": "Point",
        "coordinates": [
          123.7742,
          -10.3114
        ]
      },
      "properties": {
        "id": "geo_cand_timor_triassic_marine",
        "name": "Timor Triassic Cephalopod & Marine Reptile Beds ('Globidens timorensis')",
        "domain": "geology",
        "feature_type": "paleontology_site",
        "description": "Representative locality for the world-famous Triassic Hallstatt limestone pelagic cephalopod beds in West Timor (Baun/Bitauni/Noil Bihati area), famously including the historical paleontological enigma of 'Globidens timorensis'—bulbous durophagous marine reptile teeth originally described by von Huene (1935) as a mosasaur, but conclusively reidentified as an enigmatic Triassic ichthyosaur (Mulder & Jagt, 2019).",
        "geological_process": "Deep-Marine Pelagic Carbonate Sedimentation",
        "geological_age": "Triassic (~250 - 201 Ma)",
        "geological_period": "Triassic",
        "taxon_name": "Arcestes / Monophyllites / Halobia / 'Globidens timorensis' (Ichthyosauria)",
        "discovery_locality": "Baun / Bitauni / Noil Bihati, West Timor, NTT",
        "fossil_material": "Pelagic Ammonites (Arcestes, Joannites), Bivalves (Daonella, Halobia), Brachiopods (Halorella), and durophagous marine reptile tooth crowns ('Globidens timorensis' / Triassic ichthyosaur)",
        "paleoenvironment": "Tethyan deep pelagic carbonate seamount & open ocean basin",
        "evidence_type": "Fossil",
        "evidence_description": "Pristinely preserved pelagic ammonites, brachiopods, and thin-shelled bivalves embedded in red and grey cephalopod-bearing Hallstatt-type limestones, alongside durophagous marine reptile dental fossils resolving historical Tethyan marine reptile biostratigraphy.",
        "evidence_significance": "Provides globally critical biostratigraphic index fossils correlating Gondwana margin Tethyan marine sequences, and clarifies the Triassic durophagous reptile fossil record in Southeast Asia.",
        "why_it_matters": "West Timor holds one of the world's richest Triassic Tethyan marine biotas, famous both for global pelagic biostratigraphy and for resolving historical paleontological puzzles like 'Globidens timorensis' (Huene 1935; Mulder & Jagt 2019).",
        "data_status": "demo",
        "source": "Mulder, E.W.A. & Jagt, J.W.M. (2019) N. Jb. Geol. Paläont. Abh. 293(1): 107–116; Charlton, T.R. (2001) J. Asian Earth Sci. 19(5): 595–617; Haig, D.W. et al. (2021) Palaeogeogr. Palaeoclimatol. Palaeoecol. 571: 110362; Wanner, J. (1911) Triascephalopoden von Timor und Rotti.",
        "source_url": "https://doi.org/10.1127/njgpa/2019/0835",
        "source_type": "peer-reviewed_publication",
        "source_verification_status": "verified",
        "geometry_status": "verified",
        "geometry_notes": "Point serves as a representative area marker for the Baun-Noil Bihati Triassic limestone formation outcrop belt, not a single individual shell discovery point.",
        "record_compilation_date": "2026-09-15",
        "last_updated": "2026-09-15",
        "geometry_note": "Point serves as a representative area marker for the Baun-Noil Bihati Triassic limestone formation outcrop belt, not a single individual shell discovery point.",
        "source_citation": "Mulder, E.W.A. & Jagt, J.W.M. (2019) N. Jb. Geol. Paläont. Abh. 293(1): 107–116; Charlton, T.R. (2001) J. Asian Earth Sci. 19(5): 595–617; Haig, D.W. et al. (2021) Palaeogeogr. Palaeoclimatol. Palaeoecol. 571: 110362; Wanner, J. (1911) Triascephalopoden von Timor und Rotti.",
        "primary_source_url": "https://doi.org/10.1127/njgpa/2019/0835",
        "doi": "10.1127/njgpa/2019/0835",
        "sources": [
          {
            "title": "Globidens(?) timorensis E. von Huene, 1935: not a durophagous mosasaur, but an enigmatic Triassic ichthyosaur",
            "citation": "Mulder, E.W.A. & Jagt, J.W.M. (2019). Neues Jahrbuch für Geologie und Paläontologie - Abhandlungen, 293(1): 107–116.",
            "url": "https://doi.org/10.1127/njgpa/2019/0835",
            "type": "peer-reviewed_publication",
            "topic": "Marine Reptile Dental Morphology & Biostratigraphy"
          },
          {
            "title": "Permo-Triassic evolution of Gondwanan eastern Indonesia, and the final Mesozoic separation of SE Asia from Australia",
            "citation": "Charlton, T.R. (2001). Journal of Asian Earth Sciences, 19(5): 595–617.",
            "url": "https://doi.org/10.1016/S1367-9120(00)00054-7",
            "type": "peer-reviewed_publication",
            "topic": "Regional Stratigraphy & Triassic Marine Basins"
          },
          {
            "title": "Upper Triassic carbonate-platform facies, Timor: Foraminiferal indices and tectonostratigraphic association",
            "citation": "Haig, D.W., McCartain, E., Backhouse, J., et al. (2021). Palaeogeography, Palaeoclimatology, Palaeoecology, 571: 110362.",
            "url": "https://doi.org/10.1016/j.palaeo.2021.110362",
            "type": "peer-reviewed_publication",
            "topic": "Triassic Carbonate Facies & Pelagic Biostratigraphy"
          }
        ]
      }
    },
    {
      "type": "Feature",
      "id": "geo_cand_misool_triassic_marine",
      "geometry": {
        "type": "Point",
        "coordinates": [
          130.125,
          -1.8922
        ]
      },
      "properties": {
        "id": "geo_cand_misool_triassic_marine",
        "name": "Misool Middle Triassic Ammonoid & Bivalve Beds",
        "domain": "geology",
        "feature_type": "paleontology_site",
        "description": "Middle Triassic (Anisian) marine macrofossil locality on Misool Island (Raja Ampat) yielding Beyrichites ammonites and Daonella bivalves in Keskain Formation shale-limestone beds.",
        "geological_process": "Open-Marine Shelf Sedimentation",
        "geological_age": "Middle Triassic (Anisian, ~247 - 242 Ma)",
        "geological_period": "Triassic",
        "taxon_name": "Beyrichites / Daonella",
        "discovery_locality": "Keskain Outcrop, Southern Misool Island, Raja Ampat, West Papua",
        "fossil_material": "Beyrichites ammonites, Daonella bivalves, belemnite fragments",
        "paleoenvironment": "Open marine continental shelf and slope mudflat",
        "evidence_type": "Fossil",
        "evidence_description": "Fossilized ammonoids (Beyrichites) and planktic bivalves (Daonella) preserved in dark grey mudstones and interbedded limestones.",
        "evidence_significance": "Establishes Middle Triassic (Anisian) marine sedimentation on Gondwana-derived microcontinental blocks in eastern Indonesia.",
        "why_it_matters": "Misool provides the most continuous and undisturbed Mesozoic marine sedimentary sequence in the Australasian region, essential for Pacific-Tethys correlation.",
        "data_status": "demo",
        "source": "Hasibuan, F. (2010) 'The Triassic Marine Biota of Eastern Indonesia and its Interregional and Global Correlation', Indonesian Journal on Geoscience, 5(1): 1–9; Pigram, C.J. et al. (1982) Geologie en Mijnbouw, 61: 265–279.",
        "source_url": "https://doi.org/10.17014/ijog.v5i1.91",
        "source_type": "peer-reviewed_publication",
        "source_verification_status": "verified",
        "geometry_status": "partially_verified",
        "geometry_notes": "Coordinates anchored to Keskain Formation coastal outcrop sector in Southern Misool; specific fossil bedding plane coordinates retain minor spatial range.",
        "record_compilation_date": "2026-09-15",
        "last_updated": "2026-09-15",
        "geometry_note": "Coordinates anchored to Keskain Formation coastal outcrop sector in Southern Misool; specific fossil bedding plane coordinates retain minor spatial range.",
        "source_citation": "Hasibuan, F. (2010) Indonesian Journal on Geoscience, 5(1): 1–9; Pigram, C.J. et al. (1982) Geologie en Mijnbouw.",
        "primary_source_url": "https://doi.org/10.17014/ijog.v5i1.91",
        "doi": "10.17014/ijog.v5i1.91",
        "sources": [
          {
            "title": "The Triassic Marine Biota of Eastern Indonesia and its Interregional and Global Correlation: A Review",
            "citation": "Hasibuan, F. (2010). Indonesian Journal on Geoscience, 5(1): 1–9.",
            "url": "https://doi.org/10.17014/ijog.v5i1.91",
            "type": "peer-reviewed_publication",
            "topic": "Middle-Upper Triassic Ammonoid & Bivalve Biota of Misool"
          }
        ]
      }
    },
    {
      "type": "Feature",
      "geometry": {
        "type": "Polygon",
        "coordinates": [
          [
            [
              125.8,
              -0.3
            ],
            [
              125.6,
              1.2
            ],
            [
              125.9,
              3.2
            ],
            [
              126.3,
              4.8
            ],
            [
              127.1,
              4.8
            ],
            [
              127.5,
              3
            ],
            [
              127.7,
              1
            ],
            [
              127.2,
              -0.3
            ],
            [
              126.4,
              -0.8
            ],
            [
              125.8,
              -0.3
            ]
          ]
        ]
      },
      "properties": {
        "id": "geo_cand_molucca_collision_zone",
        "name": "Molucca Sea Double Subduction Collision Zone",
        "domain": "geology",
        "feature_type": "tectonic_structure",
        "structure_type": "arc_arc_collision_zone",
        "geological_period": "Quaternary",
        "geological_age": "Neogene to Present (Active Collision)",
        "geological_process": "Opposing double-vergent subduction of the Molucca Sea Plate beneath both the Sangihe Arc (west) and Halmahera Arc (east), with the central Talaud-Mayu Ridge forming an uplifted ophiolitic and melange collision complex.",
        "description": "The Molucca Sea Collision Zone is the world's premier modern active example of an arc-arc collision driven by opposing double subduction. The Molucca Sea Plate is an inverted U-shaped oceanic slab being consumed simultaneously to the west beneath the Sangihe Arc and to the east beneath the Halmahera Arc. The central collision complex is exposed at the Talaud, Mayu, and Tifore islands.",
        "location_province": "North Maluku & North Sulawesi",
        "discovery_locality": "Molucca Sea (Talaud-Mayu Ridge, Mayu & Tifore Islands)",
        "data_status": "demo",
        "verification_status": "partially_verified",
        "geometry_status": "needs_review",
        "geometry_note": "Representative regional boundary polygon enclosing the Molucca Sea collision complex and Talaud-Mayu deformation zone between the opposing Sangihe and Halmahera forearcs, based on Silver & Moore (1978) and Rachman et al. (2022). Official cartographic symbology is a UI convention, not official geological symbology.",
        "source": "Silver, E.A. & Moore, J.C. (1978) J. Geophys. Res. 83(B4): 1681–1691; McCaffrey, R., Silver, E.A. & Raitt, R.W. (1980) Geophys. Monogr. 23: 161; Zhang, Q. et al. (2017) JGR Solid Earth 122(5): 3977–3998.",
        "source_url": "https://doi.org/10.1029/JB083iB04p01681",
        "source_type": "peer-reviewed_publication",
        "source_verification_status": "verified",
        "evidence_type": "Geological Structure",
        "evidence_description": "Inverted U-shaped seismicity Benioff zones dipping both westward and eastward beneath Sangihe and Halmahera, combined with thick central melange and ophiolitic crust exposed on Mayu, Tifore, and the Talaud Islands.",
        "evidence_significance": "Provides the definitive modern analog for ancient arc-arc collision sutures preserved in orogenic belts worldwide.",
        "why_it_matters": "Demonstrates the complete closure of an oceanic basin in real-time, illustrating how continental crust grows through tectonic accretion and arc collision.",
        "last_updated": "2026-09-15",
        "record_compilation_date": "2026-09-15",
        "source_citation": "Silver, E.A. & Moore, J.C. (1978) J. Geophys. Res. 83(B4): 1681–1691; Zhang, Q. et al. (2017) JGR Solid Earth 122(5): 3977–3998.",
        "primary_source_url": "https://doi.org/10.1029/JB083iB04p01681",
        "doi": "10.1029/JB083iB04p01681",
        "sources": [
          {
            "title": "The Molucca Sea Collision Zone, Indonesia",
            "citation": "Silver, E.A. & Moore, J.C. (1978). Journal of Geophysical Research, 83(B4): 1681–1691.",
            "url": "https://doi.org/10.1029/JB083iB04p01681",
            "type": "peer-reviewed_publication",
            "topic": "Classic Tectonic Collision Model"
          },
          {
            "title": "Crustal Structure of the Molucca Sea Collision Zone, Indonesia",
            "citation": "McCaffrey, R., Silver, E.A. & Raitt, R.W. (1980). Geophysical Monograph, 23: 161.",
            "url": "https://doi.org/10.1029/GM023p0161",
            "type": "peer-reviewed_publication",
            "topic": "Crustal Thickness & Seismic Profiling"
          },
          {
            "title": "Double subduction and arc-arc collision in the Molucca Sea region",
            "citation": "Zhang, Q., Guo, F., Zhao, L., & Wu, Y. (2017). Journal of Geophysical Research: Solid Earth, 122(5): 3977–3998.",
            "url": "https://doi.org/10.1002/2017jb013991",
            "type": "peer-reviewed_publication",
            "topic": "Modern Seismic Tomography & Geodynamic Modeling"
          }
        ]
      }
    },
    {
      "type": "Feature",
      "geometry": {
        "type": "LineString",
        "coordinates": [
          [
            124.78,
            1.12
          ],
          [
            124.95,
            1.35
          ],
          [
            125.1,
            1.7
          ],
          [
            125.37,
            2.3
          ],
          [
            125.4,
            2.78
          ],
          [
            125.45,
            3.68
          ],
          [
            125.5,
            4.5
          ],
          [
            125.42,
            5.4
          ]
        ]
      },
      "properties": {
        "id": "geo_cand_sangihe_volcanic_arc",
        "name": "Sangihe Volcanic Arc Front Axis",
        "domain": "geology",
        "feature_type": "volcanic_arc",
        "structure_type": "volcanic_arc_axis",
        "geological_period": "Quaternary",
        "geological_age": "Neogene to Present",
        "geological_process": "Magmatism generated by the westward subduction of the Molucca Sea oceanic lithosphere beneath the Sundaland-Sulawesi continental margin block.",
        "description": "The Sangihe Volcanic Arc forms the active western volcanic chain of the Molucca Sea collision system. It extends ~500 km from the volcanic centers of North Sulawesi (Lokon, Mahawu, Soputan) northward across the Sangihe archipelago (including highly active stratovolcanoes Ruang, Karangetang, and Awu) towards Mindanao.",
        "location_province": "North Sulawesi",
        "discovery_locality": "Minahasa volcanic highland to Sangihe-Talaud archipelago",
        "data_status": "demo",
        "verification_status": "partially_verified",
        "geometry_status": "needs_review",
        "geometry_note": "Representative LineString connecting primary active volcanic centers along the Sangihe arc volcanic front (Lokon, Ruang, Karangetang, Awu) to Mindanao border, based on PVMBG active volcano catalogs and Morrice et al. (1983). Official cartographic symbology is a UI convention, not official geological symbology.",
        "source": "Morrice, M.G. et al. (1983) 'An open-ocean arc-continent collision: Sangihe and Halmahera arcs, eastern Indonesia', Journal of Volcanology and Geothermal Research, 19(1-2): 135–165; Macpherson, C.G. & Hall, R. (2002) Chem. Geol.",
        "source_url": "https://doi.org/10.1016/0377-0273(83)90129-4",
        "source_type": "peer-reviewed_publication",
        "source_verification_status": "verified",
        "evidence_type": "Landform",
        "evidence_description": "Continuous chain of active calc-alkaline to high-K stratovolcanoes and subaerial volcanic islands with deep Wadati-Benioff seismic zone dipping west to depths >600 km.",
        "evidence_significance": "Key volcanic arc system recording subduction-driven magma generation and volcanic hazard evolution in Northern Indonesia.",
        "why_it_matters": "Hosts several of Indonesia's most frequently active hazardous volcanoes (e.g., Karangetang and Ruang) with direct tsunami and ashfall risks to coastal island populations.",
        "last_updated": "2026-09-15",
        "record_compilation_date": "2026-09-15",
        "source_citation": "Morrice, M.G. et al. (1983) J. Volcanol. Geotherm. Res. 19(1-2): 135–165.",
        "primary_source_url": "https://doi.org/10.1016/0377-0273(83)90129-4",
        "doi": "10.1016/0377-0273(83)90129-4",
        "sources": [
          {
            "title": "An open-ocean arc-continent collision: Sangihe and Halmahera arcs, eastern Indonesia",
            "citation": "Morrice, M.G., Jezek, P.A., Gill, J.B., et al. (1983). Journal of Volcanology and Geothermal Research, 19(1-2): 135–165.",
            "url": "https://doi.org/10.1016/0377-0273(83)90129-4",
            "type": "peer-reviewed_publication",
            "topic": "Volcanic Front Geochemistry & Double Subduction Tectonics"
          }
        ]
      }
    },
    {
      "type": "Feature",
      "geometry": {
        "type": "LineString",
        "coordinates": [
          [
            127.4,
            0.32
          ],
          [
            127.4,
            0.68
          ],
          [
            127.33,
            0.8
          ],
          [
            127.42,
            1.08
          ],
          [
            127.53,
            1.38
          ],
          [
            127.63,
            1.48
          ],
          [
            127.88,
            1.68
          ]
        ]
      },
      "properties": {
        "id": "geo_cand_halmahera_volcanic_arc",
        "name": "Halmahera Volcanic Arc Front Axis",
        "domain": "geology",
        "feature_type": "volcanic_arc",
        "structure_type": "volcanic_arc_axis",
        "geological_period": "Quaternary",
        "geological_age": "Pliocene to Present",
        "geological_process": "Eastward subduction of the Molucca Sea Plate beneath the western margin of the Halmahera microplate (Philippine Sea Plate).",
        "description": "The Halmahera Volcanic Arc constitutes the eastern active volcanic arc of the Molucca Sea collision zone. It forms a distinct ~250 km chain of volcanic islands and volcanic cones along the western arm of Halmahera Island, featuring prominent active centers such as Gamalama (Ternate), Tidore, Makian, Ibu, and Dukono.",
        "location_province": "North Maluku",
        "discovery_locality": "Western Halmahera volcanic alignment (Ternate, Tidore, Ibu, Dukono)",
        "data_status": "demo",
        "verification_status": "partially_verified",
        "geometry_status": "needs_review",
        "geometry_note": "Representative LineString connecting the active Quaternary volcanic vents along western Halmahera from Makian to Dukono based on Hakim & Hall (1991), Macpherson & Hall (2002), and PVMBG records. Official cartographic symbology is a UI convention, not official geological symbology.",
        "source": "Hall, R., Audley-Charles, M.G., Banner, F.T., Hidayat, S. & Tobing, S.L. (1988) 'Late Palaeogene–Quaternary geology of Halmahera, Eastern Indonesia: initiation of a volcanic island arc', Journal of the Geological Society, 145(5): 829–844.",
        "source_url": "https://doi.org/10.1144/gsjgs.145.5.0829",
        "source_type": "peer-reviewed_publication",
        "source_verification_status": "verified",
        "evidence_type": "Landform",
        "evidence_description": "Active basaltic-andesite to dacitic stratovolcanoes and caldera islands with an eastward-dipping seismic Wadati-Benioff zone reaching depths of ~200-250 km.",
        "evidence_significance": "Demonstrates the young, active eastern branch of the Molucca Sea collision zone and illustrates rapid arc magmatism development in island setting.",
        "why_it_matters": "Active explosive volcanoes (Ibu, Dukono, Gamalama) require continuous hazard monitoring for North Maluku's provincial population centers and air routes.",
        "last_updated": "2026-09-15",
        "record_compilation_date": "2026-09-15",
        "source_citation": "Hall, R. et al. (1988) Journal of the Geological Society, 145(5): 829–844.",
        "primary_source_url": "https://doi.org/10.1144/gsjgs.145.5.0829",
        "doi": "10.1144/gsjgs.145.5.0829",
        "sources": [
          {
            "title": "Late Palaeogene–Quaternary geology of Halmahera, Eastern Indonesia: initiation of a volcanic island arc",
            "citation": "Hall, R., Audley-Charles, M.G., Banner, F.T., Hidayat, S., & Tobing, S.L. (1988). Journal of the Geological Society, 145(5): 829–844.",
            "url": "https://doi.org/10.1144/gsjgs.145.5.0829",
            "type": "peer-reviewed_publication",
            "topic": "Halmahera Volcanic Arc Inception & Neogene Arc Magmatism"
          }
        ]
      }
    },
    {
      "type": "Feature",
      "geometry": {
        "type": "Polygon",
        "coordinates": [
          [
            [
              122.7,
              -1
            ],
            [
              123.8,
              -1
            ],
            [
              125,
              -1.4
            ],
            [
              126.35,
              -1.6
            ],
            [
              126.35,
              -2.4
            ],
            [
              125.5,
              -2.3
            ],
            [
              124,
              -2.2
            ],
            [
              122.7,
              -1.8
            ],
            [
              122.7,
              -1
            ]
          ]
        ]
      },
      "properties": {
        "id": "geo_cand_banggai_sula_microcontinent",
        "name": "Banggai-Sula Microcontinent Platform",
        "domain": "geology",
        "feature_type": "geological_complex",
        "structure_type": "microcontinent",
        "geological_period": "Paleogene",
        "geological_age": "Paleozoic-Mesozoic Basement, Miocene Collision",
        "geological_process": "Continental rifting from northern Australian Gondwana margin in Mesozoic, westward strike-slip translation via Sorong Fault, and subsequent collision with East Sulawesi in Middle Miocene.",
        "description": "The Banggai-Sula Microcontinent is an allochthonous continental fragment detached from the Australian passive margin in the Late Jurassic-Cretaceous. It was transported westward along the Sorong Fault system and collided with East Sulawesi during the Middle Miocene to Early Pliocene (~15-5 Ma), causing the major obduction of the East Sulawesi Ophiolite.",
        "location_province": "Central Sulawesi & North Maluku",
        "discovery_locality": "Banggai Islands, Peleng, Sula Islands (Taliabu, Mangole, Sanana)",
        "data_status": "demo",
        "verification_status": "verified",
        "geometry_status": "needs_review",
        "geometry_note": "Representative terrane boundary polygon enclosing the Peleng, Banggai, Taliabu, Mangole, and Sanana continental platform, based on ESDM Marine Geological Institute surveys (Usman & Panuju 2013) and Garrard et al. (IPA 1988). Official cartographic symbology is a UI convention, not official geological symbology.",
        "source": "Silver, E.A. et al. (1985) 'Origin of the Banggai-Sula microcontinent, eastern Indonesia', Geology, 13(4): 246–249; Garrard, R.A. et al. (1988) Proc. IPA 17th Ann. Conv.",
        "source_url": "https://doi.org/10.1130/0091-7613(1985)13<246:OOTSPE>2.0.CO;2",
        "source_type": "peer-reviewed_publication",
        "source_verification_status": "verified",
        "evidence_type": "Rock",
        "evidence_description": "Paleozoic granitic-metamorphic continental basement unconformably overlain by Mesozoic continental-to-marine strata and Tertiary platform carbonates.",
        "evidence_significance": "Crucial evidence for continental collision mechanics and the origin of exotic terranes in the complex tectonic junction of Eastern Indonesia.",
        "why_it_matters": "Provides key geological framework for petroleum exploration in the Banggai Basin and understanding Sulawesi's mountainous structural evolution.",
        "last_updated": "2026-09-15",
        "record_compilation_date": "2026-09-15",
        "source_citation": "Silver, E.A. et al. (1985) Geology, 13(4): 246–249.",
        "primary_source_url": "https://doi.org/10.1130/0091-7613(1985)13<246:OOTSPE>2.0.CO;2",
        "doi": "10.1130/0091-7613(1985)13<246:OOTSPE>2.0.CO;2",
        "sources": [
          {
            "title": "Origin of the Banggai-Sula microcontinent, eastern Indonesia",
            "citation": "Silver, E.A., Gill, J.B., Schwartz, D., Prasetyo, H., & Duncan, R.A. (1985). Geology, 13(4): 246–249.",
            "url": "https://doi.org/10.1130/0091-7613(1985)13<246:OOTSPE>2.0.CO;2",
            "type": "peer-reviewed_publication",
            "topic": "Microcontinent Rifting & Sorong Fault Transport"
          }
        ]
      }
    },
    {
      "type": "Feature",
      "geometry": {
        "type": "Polygon",
        "coordinates": [
          [
            [
              140.35,
              -2.46
            ],
            [
              140.55,
              -2.44
            ],
            [
              140.75,
              -2.52
            ],
            [
              140.75,
              -2.62
            ],
            [
              140.55,
              -2.6
            ],
            [
              140.35,
              -2.56
            ],
            [
              140.35,
              -2.46
            ]
          ]
        ]
      },
      "properties": {
        "id": "geo_cand_cyclops_ophiolite_complex",
        "name": "Cyclops Mountains Obducted Ophiolite Complex",
        "domain": "geology",
        "feature_type": "geological_complex",
        "structure_type": "obducted_ophiolite_complex",
        "geological_period": "Paleogene",
        "geological_age": "Cretaceous-Paleogene oceanic crust, Miocene Obduction",
        "geological_process": "Supra-subduction zone ophiolite obduction onto the northern Australian continental margin during early Miocene arc-continent collision, followed by rapid morphotectonic uplift.",
        "description": "The Cyclops Mountains (Pegunungan Cyclops) on the northern coast of Papua near Jayapura expose a complete, well-preserved ophiolite sequence comprising mantle harzburgites, dunites, serpentinites, isotropic/layered gabbros, and basaltic lavas obducted during the collision of the Pacific/Caroline intra-oceanic island arc with northern New Guinea.",
        "location_province": "Papua",
        "discovery_locality": "Pegunungan Cyclops Massif, north of Lake Sentani, Jayapura",
        "data_status": "demo",
        "verification_status": "partially_verified",
        "geometry_status": "needs_review",
        "geometry_note": "Representative boundary polygon outlining the steep Cyclops mountain massif and ophiolite outcrop north of Lake Sentani based on Monnier et al. (1999) and Salahuddin et al. (2018). Official cartographic symbology is a UI convention, not official geological symbology.",
        "source": "Monnier, C. et al. (1999) 'The Cyclops ophiolite (Irian Jaya, Indonesia): a fragment of early Tertiary oceanic lithosphere', Contributions to Mineralogy and Petrology, 137: 249–266; Pieters, P.E. et al. (1983).",
        "source_url": "https://doi.org/10.1007/s004100050549",
        "source_type": "peer-reviewed_publication",
        "source_verification_status": "verified",
        "evidence_type": "Rock",
        "evidence_description": "Exposed sequence of ultramafic peridotites, pyroxenites, layered gabbros, and amphibolites with high-grade metamorphic sole rock at base of obduction thrust.",
        "evidence_significance": "Documents the major Cenozoic arc-continent accretionary event that shaped the northern margin of the New Guinea landmass.",
        "why_it_matters": "Forms a critical environmental watershed for the Jayapura-Sentani metropolitan basin while presenting steep landslide and debris-flow hazards during torrential rains.",
        "last_updated": "2026-09-15",
        "record_compilation_date": "2026-09-15",
        "source_citation": "Monnier, C. et al. (1999) Contributions to Mineralogy and Petrology, 137: 249–266.",
        "primary_source_url": "https://doi.org/10.1007/s004100050549",
        "doi": "10.1007/s004100050549",
        "sources": [
          {
            "title": "The Cyclops ophiolite (Irian Jaya, Indonesia): a fragment of early Tertiary oceanic lithosphere",
            "citation": "Monnier, C., Girardeau, J., Pubellier, M., et al. (1999). Contributions to Mineralogy and Petrology, 137: 249–266.",
            "url": "https://doi.org/10.1007/s004100050549",
            "type": "peer-reviewed_publication",
            "topic": "Supra-Subduction Zone Petrology & Ophiolite Obduction"
          }
        ]
      }
    },
    {
      "type": "Feature",
      "geometry": {
        "type": "LineString",
        "coordinates": [
          [
            119.74,
            -0.15
          ],
          [
            119.82,
            -0.55
          ],
          [
            119.85,
            -0.89
          ],
          [
            119.92,
            -1.15
          ],
          [
            120,
            -1.4
          ],
          [
            120.15,
            -1.68
          ],
          [
            120.3,
            -1.95
          ]
        ]
      },
      "properties": {
        "id": "geo_fault_palu_koro",
        "name": "Palu-Koro Left-Lateral Strike-Slip Fault",
        "domain": "geology",
        "feature_type": "tectonic_structure",
        "structure_type": "active_fault",
        "geological_period": "Quaternary",
        "geological_age": "Quaternary (Fast Active Slip, ~35-45 mm/yr)",
        "geological_process": "Left-lateral strike-slip faulting accommodating rapid block rotation and northward tectonic extrusion of Central/North Sulawesi relative to the Sunda block.",
        "description": "The Palu-Koro Fault is one of the most active and rapidly moving strike-slip faults in Southeast Asia, with a slip rate of ~35-45 mm/year. It cuts directly through the Palu Valley and Palu Bay into central Sulawesi. On 28 September 2018, it ruptured in a catastrophic Mw 7.5 supershear earthquake, triggering devastating tsunamis and severe soil liquefaction.",
        "location_province": "Central Sulawesi",
        "discovery_locality": "Palu Bay, Palu Valley, Kulawi Valley to Lake Poso intersection",
        "data_status": "demo",
        "verification_status": "verified",
        "geometry_status": "needs_review",
        "geometry_note": "Representative LineString tracing the active Palu-Koro fault trace through Palu Bay and the intermontane pull-apart valley, based on PuSGeN / ESDM Active Fault Map (2017) and Bao et al. (Nature Geoscience 2019). Official cartographic symbology is a UI convention, not official geological symbology.",
        "source": "Socquet, A. et al. (2006) J. Geophys. Res. 111(B8): B08409; Bao, H. et al. (2019) Nature Geoscience, 12: 200–205; Bellier, O. et al. (2001) GRL 28(2): 349–352.",
        "source_url": "https://doi.org/10.1029/2005JB003963",
        "source_type": "peer-reviewed_publication",
        "source_verification_status": "verified",
        "evidence_type": "Geological Structure",
        "evidence_description": "Prominent geomorphic fault scarps, offset river channels, linear pull-apart graben valley, and well-documented 2018 surface rupture offsets exceeding 5 meters.",
        "evidence_significance": "A globally benchmarked strike-slip fault illustrating persistent supershear earthquake rupture dynamics, submarine landsliding, and major soil liquefaction.",
        "why_it_matters": "Direct seismic and geohazard threat to Palu City and Central Sulawesi; cross-referenced with historical hazard event haz_palu_2018.",
        "last_updated": "2026-09-15",
        "record_compilation_date": "2026-09-15",
        "source_citation": "Socquet, A. et al. (2006) J. Geophys. Res. 111(B8): B08409; Bao, H. et al. (2019) Nature Geoscience, 12: 200–205.",
        "primary_source_url": "https://doi.org/10.1029/2005JB003963",
        "doi": "10.1029/2005JB003963",
        "sources": [
          {
            "title": "Microblock rotations and fault coupling in SE Asia triple junction (Sulawesi) from GPS",
            "citation": "Socquet, A., Simons, W., Vigny, C., et al. (2006). Journal of Geophysical Research: Solid Earth, 111(B8): B08409.",
            "url": "https://doi.org/10.1029/2005JB003963",
            "type": "peer-reviewed_publication",
            "topic": "Active Fault Slip Rate & Geodetic Coupling"
          },
          {
            "title": "Early and persistent supershear rupture of the 2018 magnitude 7.5 Palu earthquake",
            "citation": "Bao, H., Ampuero, J.-P., Meng, L., et al. (2019). Nature Geoscience, 12: 200–205.",
            "url": "https://doi.org/10.1038/s41561-018-0297-z",
            "type": "peer-reviewed_publication",
            "topic": "2018 Mw 7.5 Supershear Rupture Dynamics"
          }
        ]
      }
    },
    {
      "type": "Feature",
      "id": "geo_cand_formasi_nanggulan",
      "geometry": {
        "type": "Point",
        "coordinates": [
          110.2078,
          -7.7472
        ]
      },
      "properties": {
        "id": "geo_cand_formasi_nanggulan",
        "name": "Nanggulan Formation Eocene Marine Fossil Beds",
        "domain": "geology",
        "feature_type": "paleontology_site",
        "geological_period": "Paleogene",
        "geological_age": "Middle Eocene to Late Oligocene (~45 - 28 Ma)",
        "geological_process": "Transgressive Coastal to Shallow-Marine Clastic Sedimentation",
        "description": "The basal Eocene marine sedimentary unit of the Kulon Progo Mountains dome sequence, famously exposed along Kali Songgo and Kalipururu. Contains one of Southeast Asia's most exceptionally preserved and diverse Eocene molluscan faunas and index foraminifera, forming the foundational stratigraphic base overlain by the Old Andesite Formation and younger Miocene Jonggrangan and Sentolo carbonates.",
        "taxon_name": "Nummulites / Discocyclina / Turritella / Conus",
        "discovery_locality": "Kali Songgo & Kalipururu, Nanggulan / Kalibawang, Kulon Progo, DIY",
        "fossil_material": "Larger foraminifera (Nummulites, Discocyclina), diverse mollusks (Turritella, Conus, Voluta, Cardita, Nucula), solitary corals (Trochocyathus), decapod crabs",
        "paleoenvironment": "Tropical shallow-marine littoral to inner-shelf embayment",
        "location_province": "D.I. Yogyakarta",
        "data_status": "demo",
        "verification_status": "verified",
        "geometry_status": "verified",
        "geometry_note": "Point precisely anchored to the classic Kali Songgo type section near Watupuru/Kembang in Nanggulan, Kulon Progo, based on P3G/Badan Geologi sheet mapping and paleontological type literature.",
        "source": "Woodhouse, A. et al. (2025) J. Micropalaeontology 44: 601–632; Martin, K. (1914–1915) Die Fauna des Obereocäns von Nanggulan auf Java; Purnamaningsih, S. & Pringgoprawiro, H. (1981) GRDC Paleont. Ser. 1: 9–28.",
        "source_url": "https://doi.org/10.5194/jm-44-601-2025",
        "source_type": "peer-reviewed_publication",
        "source_verification_status": "verified",
        "evidence_type": "Fossil",
        "evidence_description": "Pristinely preserved aragonitic mollusk shells, larger foraminifera tests, and solitary corals weathering out of quartz sandstones and lignite-bearing silty claystones along river banks.",
        "evidence_significance": "International paleontological benchmark for Eocene-Oligocene macro-invertebrate and foraminiferal biostratigraphy across the Indo-Pacific realm.",
        "why_it_matters": "Represents the oldest sedimentary basement of the Kulon Progo dome; demonstrates initial Cenozoic marine transgression across Sundaland before major volcanic arc development.",
        "record_compilation_date": "2026-09-15",
        "last_updated": "2026-09-15",
        "source_citation": "Woodhouse, A. et al. (2025) J. Micropalaeontology 44: 601–632; Martin, K. (1914–1915) Samml. Geol. Reichs-Mus. Leiden.",
        "primary_source_url": "https://doi.org/10.5194/jm-44-601-2025",
        "doi": "10.5194/jm-44-601-2025",
        "sources": [
          {
            "title": "Low-latitude biostratigraphy and diversity of planktonic foraminifera from the middle Eocene to early Oligocene",
            "citation": "Woodhouse, A., et al. (2025). Journal of Micropalaeontology, 44: 601–632.",
            "url": "https://doi.org/10.5194/jm-44-601-2025",
            "type": "peer-reviewed_publication",
            "topic": "Eocene-Oligocene Foraminiferal Biostratigraphy"
          },
          {
            "title": "Die Fauna des Obereocäns von Nanggulan auf Java (Historical Monograph)",
            "citation": "Martin, K. (1914–1915). Sammlungen des Geologischen Reichs-Museums in Leiden, 2(4-5): 107–222.",
            "url": "https://repository.naturalis.nl/pub/509568",
            "type": "institutional_record",
            "topic": "Eocene Molluscan Type Fauna"
          }
        ]
      }
    },
    {
      "type": "Feature",
      "id": "geo_cand_formasi_baturaja",
      "geometry": {
        "type": "Point",
        "coordinates": [
          104.1685,
          -4.135
        ]
      },
      "properties": {
        "id": "geo_cand_formasi_baturaja",
        "name": "Baturaja Formation Miocene Carbonate Reef Beds",
        "domain": "geology",
        "feature_type": "paleontology_site",
        "geological_period": "Neogene",
        "geological_age": "Early to Middle Miocene (~20 - 15 Ma)",
        "geological_process": "Tropical Shallow-Water Carbonate Platform & Pinnacle Reef Development",
        "description": "Extensive Early-Middle Miocene platform carbonate and coral reef complex in the South Sumatra Basin, prominently cropping out around Baturaja, Bukit Telunjuk, and Gua Putri. Highly fossiliferous limestone sequence containing abundant larger benthic foraminifera, colonial corals, bryozoans, and mollusks, serving as Indonesia's classic reference for Cenozoic carbonate reservoir geology.",
        "taxon_name": "Lepidocyclina / Miogypsina / Spiroclypeus / Porites",
        "discovery_locality": "Baturaja Quarry Belt & Gua Putri / Padang Bindu, Ogan Komering Ulu, South Sumatra",
        "fossil_material": "Larger benthic foraminifera (Lepidocyclina, Miogypsina, Spiroclypeus), hermatypic corals (Porites, Favites, Acropora), coralline red algae (Lithothamnium), bryozoans, mollusks",
        "paleoenvironment": "Tropical shallow-water carbonate platform, reef crest, and lagoonal shelf",
        "location_province": "South Sumatra",
        "data_status": "demo",
        "verification_status": "verified",
        "geometry_status": "verified",
        "geometry_note": "Point anchored to the primary Baturaja type outcrop and karst quarry area in Ogan Komering Ulu, based on Gafoer et al. (1993) P3G/Badan Geologi mapping.",
        "source": "Barber, A.J., Crow, M.J. & Milsom, J.S. (2005) Sumatra: Geology, Resources and Tectonic Evolution, Geol. Soc. Lond. Mem. 31; Pulunggono, A. et al. (1992) Proc. Indon. Petrol. Assoc. 21st Ann. Conv.",
        "source_url": "https://doi.org/10.1144/GSL.MEM.2005.031",
        "source_type": "peer-reviewed_publication",
        "source_verification_status": "verified",
        "evidence_type": "Fossil",
        "evidence_description": "Massive skeletal packstones, boundstones, and wackestones rich in larger foraminiferal tests, branching coral colonies, and coralline algal crusts forming distinctive karst topography.",
        "evidence_significance": "Key biostratigraphic marker for the Early Miocene marine transgressive climax across the back-arc basins of western Indonesia.",
        "why_it_matters": "Provides crucial paleoclimate and paleoecological records of the Miocene Climatic Optimum and forms the primary productive carbonate reservoir rock in South Sumatra.",
        "record_compilation_date": "2026-09-15",
        "last_updated": "2026-09-15",
        "source_citation": "Barber, A.J., Crow, M.J. & Milsom, J.S. (2005) Sumatra: Geology, Resources and Tectonic Evolution, Geol. Soc. Lond. Mem. 31.",
        "primary_source_url": "https://doi.org/10.1144/GSL.MEM.2005.031",
        "doi": "10.1144/GSL.MEM.2005.031",
        "sources": [
          {
            "title": "Sumatra: Geology, Resources and Tectonic Evolution (Baturaja Carbonate Platform Synthesis)",
            "citation": "Barber, A.J., Crow, M.J., & Milsom, J.S. (eds.) (2005). Geological Society of London Memoir 31.",
            "url": "https://doi.org/10.1144/GSL.MEM.2005.031",
            "type": "peer-reviewed_publication",
            "topic": "Regional Miocene Carbonate Stratigraphy"
          }
        ]
      }
    },
    {
      "type": "Feature",
      "id": "geo_cand_karangbolong_limestone",
      "geometry": {
        "type": "Point",
        "coordinates": [
          109.435,
          -7.712
        ]
      },
      "properties": {
        "id": "geo_cand_karangbolong_limestone",
        "name": "Karangbolong Coastal Reef Carbonate Formation",
        "domain": "geology",
        "feature_type": "paleontology_site",
        "geological_period": "Neogene",
        "geological_age": "Late Oligocene to Middle Miocene (~24 - 12 Ma)",
        "geological_process": "Coastal Carbonate Reef Accretion & Volcaniclastic Interbedding",
        "description": "Spectacular karstified coastal limestone and volcaniclastic succession in the Karangbolong Mountains of southern Kebumen. Forms steep marine cliffs and caves rich in larger benthic foraminifera, coral heads, and coralline algae, situated immediately south of the Karangsambung accretionary complex and recording Neogene island-arc shallow-marine sedimentation.",
        "taxon_name": "Lepidocyclina / Miogypsina / Cycloclypeus / Amphistegina",
        "discovery_locality": "Karangbolong Mountain Range, Buayan / Ayah, Kebumen, Central Java",
        "fossil_material": "Larger benthic foraminifera (Lepidocyclina, Miogypsina, Cycloclypeus, Amphistegina), massive reef-building corals, red coralline algae, molluscan shell beds",
        "paleoenvironment": "High-energy coastal reef barrier and shallow carbonate shelf",
        "location_province": "Central Java",
        "data_status": "demo",
        "verification_status": "verified",
        "geometry_status": "verified",
        "geometry_note": "Point located at the primary Karangbolong limestone cliff and karst ridge in southern Kebumen, based on Asikin et al. (1992) P3G/Badan Geologi geological mapping.",
        "source": "Haryono, E., Suratman, & Putro, S.T. (2017) 'Karst Morphology of Karangbolong Area, Java-Indonesia', Acta Carsologica, 46(1): 17–28; Hantoro, W.S. (2021) J. Geol. Sumberdaya Mineral, 22(2).",
        "source_url": "https://doi.org/10.3986/ac.v46i1.3589",
        "source_type": "peer-reviewed_publication",
        "source_verification_status": "verified",
        "evidence_type": "Fossil",
        "evidence_description": "Well-bedded to massive bioclast-rich limestones and reefal floatstones exposed along sea cliffs and karst towers containing dense concentrations of discoidal foraminifera and coral fragments.",
        "evidence_significance": "Documents the transition from Paleogene deep-subduction mélangé (Karangsambung) to Neogene shallow-water arc carbonate deposition in Central Java.",
        "why_it_matters": "Provides key structural and paleontological links between Java's subduction basement and overlying Neogene volcanic-carbonate cover sequences.",
        "record_compilation_date": "2026-09-15",
        "last_updated": "2026-09-15",
        "source_citation": "Haryono, E. et al. (2017) 'Karst Morphology of Karangbolong Area, Java-Indonesia', Acta Carsologica, 46(1): 17–28.",
        "primary_source_url": "https://doi.org/10.3986/ac.v46i1.3589",
        "doi": "10.3986/ac.v46i1.3589",
        "sources": [
          {
            "title": "Karst Morphology of Karangbolong Area, Java-Indonesia",
            "citation": "Haryono, E., Suratman, & Putro, S.T. (2017). Acta Carsologica, 46(1): 17–28.",
            "url": "https://doi.org/10.3986/ac.v46i1.3589",
            "type": "peer-reviewed_publication",
            "topic": "Miocene Carbonate Geomorphology & Karstification"
          }
        ]
      }
    },
    {
      "type": "Feature",
      "id": "geo_cand_formasi_rajamandala",
      "geometry": {
        "type": "Point",
        "coordinates": [
          107.4365,
          -6.834
        ]
      },
      "properties": {
        "id": "geo_cand_formasi_rajamandala",
        "name": "Rajamandala Formation Oligo-Miocene Coral & Foram Reef",
        "domain": "geology",
        "feature_type": "paleontology_site",
        "geological_period": "Paleogene",
        "geological_age": "Late Oligocene to Early Miocene (~28 - 20 Ma)",
        "geological_process": "Barrier Reef & Carbonate Platform Accretion along Active Basin Margin",
        "description": "A prominent ~50 km long limestone karst ridge extending from Padalarang (Gunung Masigit, Guha Pawon) to Sukabumi in West Java. Represents a world-renowned Oligo-Miocene barrier reef complex densely populated by giant larger foraminifera (Lepidocyclina eulepidina, Spiroclypeus), branching and head corals, rhodoliths, and calcareous algae.",
        "taxon_name": "Lepidocyclina (Eulepidina) dilatata / Spiroclypeus leupoldi / Favites",
        "discovery_locality": "Gunung Masigit & Gunung Pawon Ridge, Padalarang, West Bandung, West Java",
        "fossil_material": "Giant larger foraminifera (Eulepidina dilatata, Nephrolepidina, Spiroclypeus, Miogypsinoides), colonial corals (Favites, Goniopora, Porites), coralline red algae (Lithoporella), mollusks",
        "paleoenvironment": "High-energy barrier reef tract, forereef talus, and back-reef carbonate platform",
        "location_province": "West Java",
        "data_status": "demo",
        "verification_status": "verified",
        "geometry_status": "verified",
        "geometry_note": "Point precisely positioned on the type reef limestone ridge at Gunung Masigit / Guha Pawon, Padalarang, based on Sudjatmiko (2003) Badan Geologi mapping and UNPAD stratigraphic research.",
        "source": "Maryunani, K.A. et al. (2012) 'Biostratigraphy and depositional environment of the Rajamandala Formation, West Java', Indonesian Journal on Geoscience, 4(3): 203–213; Baumann, P. (1972) Proc. IPA 1st Ann. Conv.",
        "source_url": "https://doi.org/10.17014/ijog.4.3.203-213",
        "source_type": "peer-reviewed_publication",
        "source_verification_status": "verified",
        "evidence_type": "Fossil",
        "evidence_description": "Tower karst cliffs composed of recrystallized boundstones and grainstones densely packed with coin-sized Lepidocyclina tests and preserved coral frameworks.",
        "evidence_significance": "The definitive stratotype for Late Oligocene to Early Miocene (Letter Stage Te1-4) larger foraminiferal zonation in Sundaland.",
        "why_it_matters": "Exemplifies classic tropical reef development in an active volcanic-tectonic basin; prominent geoheritage site and vital source of paleotectonic data for western Java.",
        "record_compilation_date": "2026-09-15",
        "last_updated": "2026-09-15",
        "source_citation": "Maryunani, K.A. et al. (2012) Indonesian Journal on Geoscience, 4(3): 203–213.",
        "primary_source_url": "https://doi.org/10.17014/ijog.4.3.203-213",
        "doi": "10.17014/ijog.4.3.203-213",
        "sources": [
          {
            "title": "Biostratigraphy and depositional environment of the Rajamandala Formation, West Java",
            "citation": "Maryunani, K.A., et al. (2012). Indonesian Journal on Geoscience, 4(3): 203–213.",
            "url": "https://doi.org/10.17014/ijog.4.3.203-213",
            "type": "peer-reviewed_publication",
            "topic": "Oligo-Miocene Foraminifera & Carbonate Reef Complex"
          }
        ]
      }
    },
    {
      "type": "Feature",
      "id": "geo_cand_formasi_jonggrangan",
      "geometry": {
        "type": "Point",
        "coordinates": [
          110.138,
          -7.765
        ]
      },
      "properties": {
        "id": "geo_cand_formasi_jonggrangan",
        "name": "Jonggrangan Formation Miocene Carbonate Platform",
        "domain": "geology",
        "feature_type": "paleontology_site",
        "geological_period": "Neogene",
        "geological_age": "Early to Middle Miocene (~18 - 14 Ma)",
        "geological_process": "Bioherm Reef & Carbonate Platform Capping Volcanic Dome",
        "description": "The middle carbonate unit of the Kulon Progo Mountains stratigraphic dome sequence, directly overlying the eroded volcanic core of the Old Andesite Formation (OAF) in the central highlands (Jonggrangan plateau, Goa Kiskendo). Rich in massive reef corals, larger foraminifera, and mollusks, representing shallow-water carbonate platform growth while deeper marls of the coeval Sentolo Formation accumulated on the eastern flanks.",
        "taxon_name": "Lepidocyclina / Miogypsina / Cycloclypeus / Porites",
        "discovery_locality": "Jonggrangan Plateau & Goa Kiskendo, Girimulyo / Kokap, Kulon Progo, DIY",
        "fossil_material": "Biohermal corals (Porites, Acropora), larger foraminifera (Lepidocyclina, Miogypsina, Cycloclypeus, Marginopora), red algae (Lithothamnium), molluscan casts, echinoids",
        "paleoenvironment": "Tropical shallow-water reef crest, bioherm buildup, and plateau platform",
        "location_province": "D.I. Yogyakarta",
        "data_status": "demo",
        "verification_status": "verified",
        "geometry_status": "verified",
        "geometry_note": "Point located at the type Jonggrangan limestone plateau near Goa Kiskendo in Girimulyo, Kulon Progo, based on Rahardjo et al. (1995) P3G/Badan Geologi mapping.",
        "source": "Husein, S. et al. (2019) 'Fasies Terumbu Batugamping Formasi Jonggrangan di Daerah Kulon Progo', Riset Geologi dan Pertambangan, 29(1): 1–14; Pringgoprawiro, H. & Sukido (1983) Peta Geologi Lembar Yogyakarta.",
        "source_url": "https://doi.org/10.14203/risetgeotam2019.v29.1002",
        "source_type": "peer-reviewed_publication",
        "source_verification_status": "verified",
        "evidence_type": "Fossil",
        "evidence_description": "Massive reefal limestones, calcarenites, and bedded biomicrites forming high karst plateaus and cave systems with abundant embedded coral molds and foraminifera.",
        "evidence_significance": "Crucial member of the tripartite Kulon Progo succession (Nanggulan -> Jonggrangan -> Sentolo), documenting early Middle Miocene volcanic quiescence and shallow-sea carbonate colonization.",
        "why_it_matters": "Demonstrates how tropical coral reef platforms colonize extinct volcanic island edifices, forming spectacular cave karst landscapes in Java.",
        "record_compilation_date": "2026-09-15",
        "last_updated": "2026-09-15",
        "source_citation": "Husein, S. et al. (2019) Riset Geologi dan Pertambangan, 29(1): 1–14.",
        "primary_source_url": "https://doi.org/10.14203/risetgeotam2019.v29.1002",
        "doi": "10.14203/risetgeotam2019.v29.1002",
        "sources": [
          {
            "title": "Fasies Terumbu Batugamping Formasi Jonggrangan di Daerah Kulon Progo",
            "citation": "Husein, S., et al. (2019). Riset Geologi dan Pertambangan, 29(1): 1–14.",
            "url": "https://doi.org/10.14203/risetgeotam2019.v29.1002",
            "type": "peer-reviewed_publication",
            "topic": "Miocene Carbonate Platform & Coral Reef Facies"
          }
        ]
      }
    },
    {
      "type": "Feature",
      "id": "geo_cand_formasi_sentolo",
      "geometry": {
        "type": "Point",
        "coordinates": [
          110.228,
          -7.832
        ]
      },
      "properties": {
        "id": "geo_cand_formasi_sentolo",
        "name": "Sentolo Formation Mio-Pliocene Foraminiferal Marl Beds",
        "domain": "geology",
        "feature_type": "paleontology_site",
        "geological_period": "Neogene",
        "geological_age": "Middle Miocene to Early Pliocene (~15 - 4 Ma)",
        "geological_process": "Open-Marine Shelf, Slope, and Basinal Pelagic-Calcareous Deposition",
        "description": "The youngest marine sedimentary formation of the Kulon Progo Mountains dome sequence, forming the eastern and southern flanks along Sentolo and Kali Pengasih. Interfingers with and stratigraphically succeeds the Jonggrangan reef complex, consisting of tuffaceous marls, bedded calcarenites, and calcareous sandstones packed with continuous planktic foraminifera biozones and calcareous nannofossils.",
        "taxon_name": "Globigerinoides / Globorotalia menardii / Orbulina universa / Amphistegina",
        "discovery_locality": "Kali Pengasih & Sentolo Hills along Progo River, Sentolo, Kulon Progo, DIY",
        "fossil_material": "Abundant planktic foraminifera (Globorotalia menardii, Globigerinoides, Orbulina universa, Neogloboquadrina), benthic foraminifera (Amphistegina, Bolivina, Uvigerina), calcareous nannoplankton",
        "paleoenvironment": "Open-marine outer neritic to upper bathyal shelf and slope",
        "location_province": "D.I. Yogyakarta",
        "data_status": "demo",
        "verification_status": "verified",
        "geometry_status": "verified",
        "geometry_note": "Point positioned along Kali Pengasih and the Sentolo type outcrop area in eastern Kulon Progo, based on Rahardjo et al. (1995) P3G/Badan Geologi mapping and Pringgoprawiro (1985).",
        "source": "Subandrio, A. et al. (2022) 'Biostratigrafi Foraminifera Plangtonik dan Lingkungan Pengendapan Formasi Sentolo', Jurnal Geologi dan Sumberdaya Mineral, 23(3): 143–154; Kadar, D. (1986) GRDC Spec. Publ. 5.",
        "source_url": "https://doi.org/10.33332/jgsm.geologi.v23i3.703",
        "source_type": "peer-reviewed_publication",
        "source_verification_status": "verified",
        "evidence_type": "Fossil",
        "evidence_description": "Thick sequence of yellowish-white stratified marls and calcarenites yielding dense microfossil assemblages of planktic and benthic foraminifera tests.",
        "evidence_significance": "Provides an unbroken high-resolution biochronological record spanning Middle Miocene to Early Pliocene (N9 to N19/N20) across Central Java.",
        "why_it_matters": "Completes the classical Kulon Progo Cenozoic sedimentary dome cycle (Nanggulan -> Jonggrangan -> Sentolo), documenting the gradual regional drowning and basin-margin sedimentation.",
        "record_compilation_date": "2026-09-15",
        "last_updated": "2026-09-15",
        "source_citation": "Subandrio, A. et al. (2022) Jurnal Geologi dan Sumberdaya Mineral, 23(3): 143–154.",
        "primary_source_url": "https://doi.org/10.33332/jgsm.geologi.v23i3.703",
        "doi": "10.33332/jgsm.geologi.v23i3.703",
        "sources": [
          {
            "title": "Biostratigrafi Foraminifera Plangtonik dan Lingkungan Pengendapan Formasi Sentolo",
            "citation": "Subandrio, A., et al. (2022). Jurnal Geologi dan Sumberdaya Mineral, 23(3): 143–154.",
            "url": "https://doi.org/10.33332/jgsm.geologi.v23i3.703",
            "type": "peer-reviewed_publication",
            "topic": "Mio-Pliocene Planktonic Foraminifera & Marl Succession"
          }
        ]
      }
    },
    {
      "type": "Feature",
      "id": "geo_cand_formasi_cibodas",
      "geometry": {
        "type": "Point",
        "coordinates": [
          106.525,
          -7.265
        ]
      },
      "properties": {
        "id": "geo_cand_formasi_cibodas",
        "name": "Cibodas Formation Miocene Carbonate Shelf Outcrop",
        "domain": "geology",
        "feature_type": "paleontology_site",
        "geological_period": "Neogene",
        "geological_age": "Middle to Late Miocene (~14 - 8 Ma)",
        "geological_process": "Shallow-Marine Mixed Carbonate-Siliciclastic Shelf Deposition",
        "description": "Middle to Late Miocene marine carbonate and clastic formation exposed in the Jampang / Ciracap sector of southern Sukabumi. Contains fossiliferous limestone lenses bearing larger benthic foraminifera, red algae, and molluscan bioclasts deposited in a shallow shelf setting.",
        "taxon_name": "Lepidocyclina / Cycloclypeus / Amphistegina",
        "discovery_locality": "Ciracap & Cibodas area, Ciemas / Surade, Sukabumi, West Java",
        "fossil_material": "Larger benthic foraminifera (Lepidocyclina, Cycloclypeus, Amphistegina), molluscan bioclasts, coralline red algae fragments",
        "paleoenvironment": "Shallow marine continental shelf with localized carbonate buildups",
        "location_province": "West Java",
        "data_status": "demo",
        "verification_status": "partially_verified",
        "geometry_status": "needs_review",
        "geometry_note": "Representative point for the Ciracap-Cibodas limestone outcrop sector based on Sukamto (1975) Jampang sheet mapping and UNPAD geological field surveys; exact type section boundary retains spatial variance.",
        "source": "Silalahi, N.N., Pratiwi, S.D. & Patonah, A. (2025) 'Studi Batugamping Berdasarkan Kandungan Foraminifera Besar di Daerah Ciracap, Sukabumi', Bulletin of Scientific Contribution, 23(1); Winarto, J.B. (2022) JGSM.",
        "source_url": "https://doi.org/10.24198/bsc.v23i1.62890",
        "source_type": "peer-reviewed_publication",
        "source_verification_status": "verified",
        "evidence_type": "Fossil",
        "evidence_description": "Bedded calcarenites, sandy limestones, and bioclast-rich marls containing larger foraminiferal tests and fragmented marine shells.",
        "evidence_significance": "Documents Middle-Late Miocene shallow-marine carbonate sedimentation in the Southern Mountains of West Java.",
        "why_it_matters": "Provides insights into post-volcanic shelf evolution in southern Sukabumi; maintained in Candidate/Review pending detailed type-section delineation.",
        "record_compilation_date": "2026-09-15",
        "last_updated": "2026-09-15",
        "source_citation": "Silalahi, N.N. et al. (2025) Bulletin of Scientific Contribution, 23(1).",
        "primary_source_url": "https://doi.org/10.24198/bsc.v23i1.62890",
        "doi": "10.24198/bsc.v23i1.62890",
        "sources": [
          {
            "title": "Studi Batugamping Berdasarkan Kandungan Foraminifera Besar di Daerah Ciracap, Kabupaten Sukabumi",
            "citation": "Silalahi, N.N., Pratiwi, S.D. & Patonah, A. (2025). Bulletin of Scientific Contribution, 23(1).",
            "url": "https://doi.org/10.24198/bsc.v23i1.62890",
            "type": "peer-reviewed_publication",
            "topic": "Miocene Large Benthic Foraminifera & Shelf Carbonate"
          }
        ]
      }
    },
    {
      "type": "Feature",
      "id": "geo_cand_formasi_gumai",
      "geometry": {
        "type": "Point",
        "coordinates": [
          104.085,
          -4.515
        ]
      },
      "properties": {
        "id": "geo_cand_formasi_gumai",
        "name": "Gumai Formation Marine Transgressive Microfossil Beds",
        "domain": "geology",
        "feature_type": "paleontology_site",
        "geological_period": "Neogene",
        "geological_age": "Early to Middle Miocene (~18 - 14 Ma)",
        "geological_process": "Regional Maximum Marine Transgression Deep-Shale Sedimentation",
        "description": "The principal deep-marine shale and marl formation of the South Sumatra Basin, deposited during the maximum regional marine transgression (Early to Middle Miocene). Locally exposed along river valleys near Muaradua in OKU Selatan, yielding rich planktic and bathyal benthic foraminiferal microfossil assemblages.",
        "taxon_name": "Globigerinoides sicanus / Praeorbulina glomerosa / Globorotalia peripheroronda",
        "discovery_locality": "Komering River Section, Muaradua, Ogan Komering Ulu Selatan, South Sumatra",
        "fossil_material": "Planktic foraminifera index microfossils (Globigerinoides sicanus, Praeorbulina, Globorotalia), deep-shelf to bathyal benthic foraminifera (Bathysiphon, Cyclammina), micro-mollusks",
        "paleoenvironment": "Outer neritic to bathyal open-marine basin and deep shelf",
        "location_province": "South Sumatra",
        "data_status": "demo",
        "verification_status": "partially_verified",
        "geometry_status": "needs_review",
        "geometry_note": "Representative point for the Gumai shale river-cut exposures in the Muaradua area based on Gafoer et al. (1993) mapping; regional shale distribution is widespread across South Sumatra.",
        "source": "Barber, A.J., Crow, M.J. & Milsom, J.S. (2005) Sumatra: Geology, Resources and Tectonic Evolution, Geol. Soc. Lond. Mem. 31; Pulunggono, A. et al. (1992) Proc. IPA 21st Ann. Conv.",
        "source_url": "https://doi.org/10.1144/GSL.MEM.2005.031",
        "source_type": "peer-reviewed_publication",
        "source_verification_status": "verified",
        "evidence_type": "Fossil",
        "evidence_description": "Dark grey to black fossiliferous calcareous shales and marls with abundant microscopic planktic foraminifera tests.",
        "evidence_significance": "Defines the peak Cenozoic marine inundation and regional seal rock across the South Sumatra hydrocarbon province.",
        "why_it_matters": "Crucial regional microfossil marker for petroleum source and seal rock studies; maintained in Candidate/Review due to diffuse regional outcrop extent.",
        "record_compilation_date": "2026-09-15",
        "last_updated": "2026-09-15",
        "source_citation": "Barber, A.J., Crow, M.J. & Milsom, J.S. (2005) Sumatra: Geology, Resources and Tectonic Evolution, Geol. Soc. Lond. Mem. 31.",
        "primary_source_url": "https://doi.org/10.1144/GSL.MEM.2005.031",
        "doi": "10.1144/GSL.MEM.2005.031",
        "sources": [
          {
            "title": "Sumatra: Geology, Resources and Tectonic Evolution (Gumai Transgressive Marine Basin)",
            "citation": "Barber, A.J., Crow, M.J., & Milsom, J.S. (eds.) (2005). Geological Society of London Memoir 31.",
            "url": "https://doi.org/10.1144/GSL.MEM.2005.031",
            "type": "peer-reviewed_publication",
            "topic": "Early-Middle Miocene Transgressive Marine Shales & Foraminifera"
          }
        ]
      }
    }
  ]
}